CUSTOMER_ID,PRODUCTTYPE_ID,CURRENCY_ISO,CUSTOMER_SEGMENT,YIELD,DAYS_TO_MATURITY,AMOUNT_CHF(000),FULLNAME,TRADE_DATE,INDEX
STRING,STRING,STRING,STRING,REAL,INT,INT,STRING,DATE,STRING
21,276,AUD,AAA,7.224,1002,250,AUD Eurobonds Secondary,1996-02-01,T00001
21,276,AUD,AAA,7.266,1044,227,AUD Eurobonds Secondary,1996-02-01,T00002
21,276,AUD,AAA,7.266,1044,227,AUD Eurobonds Secondary,1996-02-01,T00003
21,276,AUD,AAA,7.428,1068,227,AUD Eurobonds Secondary,1996-02-01,T00004
53,156,CAD,AAA,6.169,981,176,CAD Eurobonds Secondary,1996-02-01,T00005
12,156,CAD,AAA,5.926,1072,114,CAD Eurobonds Secondary,1996-02-01,T00006
1,2,CHF,AAA,2.052,318,3000,CHF Domestic  Bond Secondary,1996-02-01,T00007
96,2,CHF,BBB,3.796,370,275,CHF Domestic  Bond Secondary,1996-02-01,T00008
96,2,CHF,BBB,3.547,594,110,CHF Domestic  Bond Secondary,1996-02-01,T00009
13,2,CHF,AAA,2.653,1100,500,CHF Domestic  Bond Secondary,1996-02-01,T00010
361,2,CHF,CCC,3.623,1702,100,CHF Domestic  Bond Secondary,1996-02-01,T00011
21,2,CHF,AAA,3.554,1841,100,CHF Domestic  Bond Secondary,1996-02-01,T00012
55,2,CHF,AAA,3.89,2045,1300,CHF Domestic  Bond Secondary,1996-02-01,T00013
96,2,CHF,BBB,3.796,2206,500,CHF Domestic  Bond Secondary,1996-02-01,T00014
10,2,CHF,AAA,3.956,2471,10000,CHF Domestic  Bond Secondary,1996-02-01,T00015
361,2,CHF,CCC,4.579,2581,100,CHF Domestic  Bond Secondary,1996-02-01,T00016
361,2,CHF,CCC,4.204,2609,50,CHF Domestic  Bond Secondary,1996-02-01,T00017
224,2,CHF,DDD,4.218,2904,500,CHF Domestic  Bond Secondary,1996-02-01,T00018
338,2,CHF,DDD,4.282,3602,500,CHF Domestic  Bond Secondary,1996-02-01,T00019
224,2,CHF,DDD,4.307,3602,1000,CHF Domestic  Bond Secondary,1996-02-01,T00020
135,5,CHF,EEE,4.383,1817,20000,CHF European Government,1996-02-01,T00021
10,5,CHF,AAA,4.409,1817,20000,CHF European Government,1996-02-01,T00022
10,5,CHF,AAA,3.905,2532,10000,CHF European Government,1996-02-01,T00023
350,5,CHF,DDD,4.123,3171,1250,CHF European Government,1996-02-01,T00024
337,5,CHF,DDD,4.312,3262,500,CHF European Government,1996-02-01,T00025
135,5,CHF,EEE,4.21,3262,20000,CHF European Government,1996-02-01,T00026
10,5,CHF,AAA,4.501,3509,15000,CHF European Government,1996-02-01,T00027
334,5,CHF,DDD,4.261,3719,1000,CHF European Government,1996-02-01,T00028
354,5,CHF,DDD,4.274,3719,1900,CHF European Government,1996-02-01,T00029
329,5,CHF,FFF,4.279,3719,4700,CHF European Government,1996-02-01,T00030
104,5,CHF,EEE,4.279,3719,5000,CHF European Government,1996-02-01,T00031
2066,3,CHF,AAA,2.877,1292,20000,CHF Foreign  Bond Primary,1996-02-01,T00032
14,3,CHF,AAA,3.073,1769,210,CHF Foreign  Bond Primary,1996-02-01,T00033
187,3,CHF,CCC,3.094,1769,7780,CHF Foreign  Bond Primary,1996-02-01,T00034
14,3,CHF,AAA,3.516,1846,150,CHF Foreign  Bond Primary,1996-02-01,T00035
81,3,CHF,CCC,3.425,1848,20,CHF Foreign  Bond Primary,1996-02-01,T00036
346,3,CHF,CCC,4.129,2590,2000,CHF Foreign  Bond Primary,1996-02-01,T00037
347,3,CHF,CCC,4.408,3661,1150,CHF Foreign  Bond Primary,1996-02-01,T00038
347,3,CHF,CCC,4.432,3667,1000,CHF Foreign  Bond Primary,1996-02-01,T00039
406,4,CHF,GGG,2.323,138,3000,CHF Foreign  Bond Secondary,1996-02-01,T00040
68,4,CHF,GGG,2.235,365,100,CHF Foreign  Bond Secondary,1996-02-01,T00041
14,4,CHF,AAA,2.666,530,100,CHF Foreign  Bond Secondary,1996-02-01,T00042
14,4,CHF,AAA,2.774,895,250,CHF Foreign  Bond Secondary,1996-02-01,T00043
81,4,CHF,CCC,2.966,1026,100,CHF Foreign  Bond Secondary,1996-02-01,T00044
81,4,CHF,CCC,3.341,1100,15,CHF Foreign  Bond Secondary,1996-02-01,T00045
68,4,CHF,GGG,4.507,1211,880,CHF Foreign  Bond Secondary,1996-02-01,T00046
78,4,CHF,DDD,4.555,1211,950,CHF Foreign  Bond Secondary,1996-02-01,T00047
14,4,CHF,AAA,3.284,1240,50,CHF Foreign  Bond Secondary,1996-02-01,T00048
81,4,CHF,CCC,3.098,1447,300,CHF Foreign  Bond Secondary,1996-02-01,T00049
37,4,CHF,AAA,3.098,1447,1200,CHF Foreign  Bond Secondary,1996-02-01,T00050
14,4,CHF,AAA,3.432,1566,50,CHF Foreign  Bond Secondary,1996-02-01,T00051
68,4,CHF,GGG,3.507,1566,180,CHF Foreign  Bond Secondary,1996-02-01,T00052
338,4,CHF,DDD,4.496,1575,2000,CHF Foreign  Bond Secondary,1996-02-01,T00053
81,4,CHF,CCC,-0.677,1594,50,CHF Foreign  Bond Secondary,1996-02-01,T00054
8,4,CHF,AAA,3.425,1638,150,CHF Foreign  Bond Secondary,1996-02-01,T00055
18,4,CHF,AAA,3.49,1687,150,CHF Foreign  Bond Secondary,1996-02-01,T00056
909,4,CHF,GGG,3.474,1792,2500,CHF Foreign  Bond Secondary,1996-02-01,T00057
13,4,CHF,AAA,3.445,1821,500,CHF Foreign  Bond Secondary,1996-02-01,T00058
81,4,CHF,CCC,3.636,1828,100,CHF Foreign  Bond Secondary,1996-02-01,T00059
362,4,CHF,DDD,3.512,1846,210,CHF Foreign  Bond Secondary,1996-02-01,T00060
81,4,CHF,CCC,3.815,1905,50,CHF Foreign  Bond Secondary,1996-02-01,T00061
18,4,CHF,AAA,3.841,1905,2000,CHF Foreign  Bond Secondary,1996-02-01,T00062
8,4,CHF,AAA,3.812,2045,150,CHF Foreign  Bond Secondary,1996-02-01,T00063
73,4,CHF,GGG,3.708,2076,150,CHF Foreign  Bond Secondary,1996-02-01,T00064
361,4,CHF,CCC,4.154,2170,350,CHF Foreign  Bond Secondary,1996-02-01,T00065
344,4,CHF,DDD,4.11,2198,2000,CHF Foreign  Bond Secondary,1996-02-01,T00066
338,4,CHF,DDD,5.105,2231,500,CHF Foreign  Bond Secondary,1996-02-01,T00067
81,4,CHF,CCC,4.917,2345,50,CHF Foreign  Bond Secondary,1996-02-01,T00068
361,4,CHF,CCC,3.753,2371,85,CHF Foreign  Bond Secondary,1996-02-01,T00069
49,4,CHF,AAA,4.162,2857,500,CHF Foreign  Bond Secondary,1996-02-01,T00070
10,4,CHF,AAA,4.162,2857,3000,CHF Foreign  Bond Secondary,1996-02-01,T00071
361,4,CHF,CCC,4.25,2874,120,CHF Foreign  Bond Secondary,1996-02-01,T00072
81,4,CHF,CCC,4.269,2874,170,CHF Foreign  Bond Secondary,1996-02-01,T00073
14,4,CHF,AAA,5.116,3573,100,CHF Foreign  Bond Secondary,1996-02-01,T00074
362,4,CHF,DDD,4.413,3667,100,CHF Foreign  Bond Secondary,1996-02-01,T00075
53,4,CHF,AAA,5.126,4274,700,CHF Foreign  Bond Secondary,1996-02-01,T00076
14,22,CHF,AAA,0.121,1513,300,CHF FRN,1996-02-01,T00077
9,125,DEM,AAA,8.594,1096,122,DEM Eurobonds Primary,1996-02-01,T00078
21,125,DEM,AAA,7.654,1840,815,DEM Eurobonds Primary,1996-02-01,T00079
1,126,DEM,AAA,5.032,483,897,DEM Eurobonds Secondary,1996-02-01,T00080
8,126,DEM,AAA,3.761,719,122,DEM Eurobonds Secondary,1996-02-01,T00081
47,126,DEM,AAA,4.497,1255,122,DEM Eurobonds Secondary,1996-02-01,T00082
47,126,DEM,AAA,4.931,1348,102,DEM Eurobonds Secondary,1996-02-01,T00083
47,126,DEM,AAA,5.178,1520,106,DEM Eurobonds Secondary,1996-02-01,T00084
21,126,DEM,AAA,5.651,2563,1630,DEM Eurobonds Secondary,1996-02-01,T00085
8,126,DEM,AAA,6.036,2847,143,DEM Eurobonds Secondary,1996-02-01,T00086
21,126,DEM,AAA,6.016,2910,261,DEM Eurobonds Secondary,1996-02-01,T00087
28,126,DEM,AAA,6.108,3358,245,DEM Eurobonds Secondary,1996-02-01,T00088
2025,126,DEM,AAA,6.165,3673,815,DEM Eurobonds Secondary,1996-02-01,T00089
21,120,DEM,AAA,3.535,536,383,DEM European Government,1996-02-01,T00090
53,146,XEU,AAA,5.348,358,814,ECU Eurobonds Secondary,1996-02-01,T00091
53,146,XEU,AAA,4.968,1028,269,ECU Eurobonds Secondary,1996-02-01,T00092
24,146,XEU,AAA,5.34,1097,392,ECU Eurobonds Secondary,1996-02-01,T00093
24,301,USD,AAA,12.649,613,121,Emerging Markets Eurobonds Sec,1996-02-01,T00094
24,301,USD,AAA,9,902,3033,Emerging Markets Eurobonds Sec,1996-02-01,T00095
21,301,USD,AAA,7.214,2563,242,Emerging Markets Eurobonds Sec,1996-02-01,T00096
2025,136,FRF,AAA,5.05,575,237,FRF Eurobonds Secondary,1996-02-01,T00097
1540,6,CHF,DDD,18.8,59,500,Futures Conf,1996-02-01,T00098
55,186,GBP,AAA,6.292,281,9150,GBP Eurobonds Secondary,1996-02-01,T00099
55,186,GBP,AAA,6.397,398,3660,GBP Eurobonds Secondary,1996-02-01,T00100
55,186,GBP,AAA,7.078,1793,18300,GBP Eurobonds Secondary,1996-02-01,T00101
12,165,ITL,AAA,9.23,687,114,ITL Eurobonds Primary,1996-02-01,T00102
12,166,ITL,AAA,9.23,687,114,ITL Eurobonds Secondary,1996-02-01,T00103
16,166,ITL,AAA,8.912,1066,380,ITL Eurobonds Secondary,1996-02-01,T00104
27,166,ITL,AAA,9.738,3653,1520,ITL Eurobonds Secondary,1996-02-01,T00105
21,200,NLG,AAA,3.964,895,113,NLG  European Government,1996-02-01,T00106
21,200,NLG,AAA,4.074,973,281,NLG  European Government,1996-02-01,T00107
21,200,NLG,AAA,4.292,1110,539,NLG  European Government,1996-02-01,T00108
12,115,USD,AAA,5.462,1089,424,USD Eurobonds Primary,1996-02-01,T00109
48,116,USD,AAA,7.785,565,303,USD Eurobonds Secondary,1996-02-01,T00110
12,116,USD,AAA,5.125,718,787,USD Eurobonds Secondary,1996-02-01,T00111
12,116,USD,AAA,5.026,732,121,USD Eurobonds Secondary,1996-02-01,T00112
21,116,USD,AAA,5.394,732,121,USD Eurobonds Secondary,1996-02-01,T00113
12,116,USD,AAA,4.93,775,448,USD Eurobonds Secondary,1996-02-01,T00114
12,116,USD,AAA,4.941,775,847,USD Eurobonds Secondary,1996-02-01,T00115
12,116,USD,AAA,4.941,775,847,USD Eurobonds Secondary,1996-02-01,T00116
12,116,USD,AAA,4.941,775,847,USD Eurobonds Secondary,1996-02-01,T00117
24,116,USD,AAA,5.218,859,243,USD Eurobonds Secondary,1996-02-01,T00118
53,116,USD,AAA,5.229,909,121,USD Eurobonds Secondary,1996-02-01,T00119
23,116,USD,AAA,5.337,1093,176,USD Eurobonds Secondary,1996-02-01,T00120
9,116,USD,AAA,5.217,1096,266,USD Eurobonds Secondary,1996-02-01,T00121
53,116,USD,AAA,5.406,1336,1089,USD Eurobonds Secondary,1996-02-01,T00122
24,116,USD,AAA,5.568,1341,309,USD Eurobonds Secondary,1996-02-01,T00123
52,116,USD,AAA,5.679,1341,787,USD Eurobonds Secondary,1996-02-01,T00124
52,116,USD,AAA,5.628,1341,847,USD Eurobonds Secondary,1996-02-01,T00125
22,116,USD,AAA,5.178,1352,484,USD Eurobonds Secondary,1996-02-01,T00126
48,116,USD,AAA,10.198,1373,605,USD Eurobonds Secondary,1996-02-01,T00127
52,116,USD,AAA,5.625,1645,242,USD Eurobonds Secondary,1996-02-01,T00128
24,116,USD,AAA,5.623,1714,243,USD Eurobonds Secondary,1996-02-01,T00129
53,116,USD,AAA,5.587,1714,2420,USD Eurobonds Secondary,1996-02-01,T00130
12,118,USD,AAA,6.237,2458,242,USD FRN,1996-02-01,T00131
12,118,USD,AAA,1.861,2783,121,USD FRN,1996-02-01,T00132
29,506,ZAR,AAA,13.093,372,165,ZAR Secondary,1996-02-01,T00133
2,506,ZAR,AAA,13.196,1398,289,ZAR Secondary,1996-02-01,T00134
100,7,CHF,HHH,-0.103,146,4000,Zinsoptions,1996-02-01,T00135
48,276,AUD,AAA,7.746,753,184,AUD Eurobonds Secondary,1996-02-02,T00136
48,276,AUD,AAA,8.047,1426,184,AUD Eurobonds Secondary,1996-02-02,T00137
48,276,AUD,AAA,8.523,3253,184,AUD Eurobonds Secondary,1996-02-02,T00138
96,2,CHF,BBB,2.875,412,48,CHF Domestic  Bond Secondary,1996-02-02,T00139
76,2,CHF,DDD,2.891,1067,550,CHF Domestic  Bond Secondary,1996-02-02,T00140
354,2,CHF,DDD,3.128,1094,5000,CHF Domestic  Bond Secondary,1996-02-02,T00141
343,2,CHF,DDD,3.818,1432,1000,CHF Domestic  Bond Secondary,1996-02-02,T00142
350,2,CHF,DDD,3.842,2044,2000,CHF Domestic  Bond Secondary,1996-02-02,T00143
37,2,CHF,AAA,4.713,2093,200,CHF Domestic  Bond Secondary,1996-02-02,T00144
96,2,CHF,BBB,3.873,2470,100,CHF Domestic  Bond Secondary,1996-02-02,T00145
47,2,CHF,AAA,4.201,2614,200,CHF Domestic  Bond Secondary,1996-02-02,T00146
339,2,CHF,DDD,4.815,2675,650,CHF Domestic  Bond Secondary,1996-02-02,T00147
14,2,CHF,AAA,2.367,2873,385,CHF Domestic  Bond Secondary,1996-02-02,T00148
27,1,USD,AAA,4.919,1043,85,CHF Domestic Bond  Primary,1996-02-02,T00149
27,1,USD,AAA,5.054,1050,363,CHF Domestic Bond  Primary,1996-02-02,T00150
27,1,GBP,AAA,-0.396,1054,366,CHF Domestic Bond  Primary,1996-02-02,T00151
27,1,ITL,AAA,8.836,1065,380,CHF Domestic Bond  Primary,1996-02-02,T00152
135,5,CHF,EEE,3.272,1499,20000,CHF European Government,1996-02-02,T00153
329,5,CHF,FFF,3.737,2348,4600,CHF European Government,1996-02-02,T00154
47,5,CHF,AAA,4.207,3170,200,CHF European Government,1996-02-02,T00155
135,5,CHF,EEE,4.267,3261,20000,CHF European Government,1996-02-02,T00156
53,3,CHF,AAA,2.827,1291,500,CHF Foreign  Bond Primary,1996-02-02,T00157
4,3,CHF,AAA,2.827,1291,500,CHF Foreign  Bond Primary,1996-02-02,T00158
53,3,CHF,AAA,3.127,1417,350,CHF Foreign  Bond Primary,1996-02-02,T00159
81,3,CHF,CCC,3.072,1768,140,CHF Foreign  Bond Primary,1996-02-02,T00160
68,4,CHF,GGG,2.206,252,250,CHF Foreign  Bond Secondary,1996-02-02,T00161
338,4,CHF,DDD,2.62,318,1000,CHF Foreign  Bond Secondary,1996-02-02,T00162
68,4,CHF,GGG,2.327,411,100,CHF Foreign  Bond Secondary,1996-02-02,T00163
81,4,CHF,CCC,3.046,894,150,CHF Foreign  Bond Secondary,1996-02-02,T00164
26,4,CHF,AAA,2.281,1026,100,CHF Foreign  Bond Secondary,1996-02-02,T00165
26,4,CHF,AAA,3.376,1088,100,CHF Foreign  Bond Secondary,1996-02-02,T00166
81,4,CHF,CCC,2.535,1091,150,CHF Foreign  Bond Secondary,1996-02-02,T00167
23,4,CHF,AAA,2.741,1168,250,CHF Foreign  Bond Secondary,1996-02-02,T00168
26,4,CHF,AAA,2.988,1355,100,CHF Foreign  Bond Secondary,1996-02-02,T00169
187,4,CHF,CCC,3.692,1442,300,CHF Foreign  Bond Secondary,1996-02-02,T00170
81,4,CHF,CCC,3.098,1446,25,CHF Foreign  Bond Secondary,1996-02-02,T00171
14,4,CHF,AAA,3.473,1791,300,CHF Foreign  Bond Secondary,1996-02-02,T00172
23,4,CHF,AAA,3.818,2078,250,CHF Foreign  Bond Secondary,1996-02-02,T00173
23,4,CHF,AAA,3.89,2175,250,CHF Foreign  Bond Secondary,1996-02-02,T00174
55,4,CHF,AAA,4.333,2336,200,CHF Foreign  Bond Secondary,1996-02-02,T00175
9,4,CHF,AAA,3.797,2370,100,CHF Foreign  Bond Secondary,1996-02-02,T00176
96,4,CHF,BBB,0.431,2396,40,CHF Foreign  Bond Secondary,1996-02-02,T00177
83,4,CHF,DDD,4.115,2429,500,CHF Foreign  Bond Secondary,1996-02-02,T00178
10,4,CHF,AAA,4.228,2756,1000,CHF Foreign  Bond Secondary,1996-02-02,T00179
23,4,CHF,AAA,4.199,2856,200,CHF Foreign  Bond Secondary,1996-02-02,T00180
21,4,CHF,AAA,4.199,2856,1000,CHF Foreign  Bond Secondary,1996-02-02,T00181
14,4,CHF,AAA,4.469,3561,45,CHF Foreign  Bond Secondary,1996-02-02,T00182
73,4,CHF,GGG,4.689,7201,130,CHF Foreign  Bond Secondary,1996-02-02,T00183
52,126,DEM,AAA,4.126,1062,410,DEM Eurobonds Secondary,1996-02-02,T00184
21,126,DEM,AAA,4.572,1179,1230,DEM Eurobonds Secondary,1996-02-02,T00185
21,126,DEM,AAA,4.572,1179,1230,DEM Eurobonds Secondary,1996-02-02,T00186
29,126,DEM,AAA,4.727,1417,90,DEM Eurobonds Secondary,1996-02-02,T00187
29,126,DEM,AAA,4.699,1417,164,DEM Eurobonds Secondary,1996-02-02,T00188
55,126,DEM,AAA,5.287,1651,410,DEM Eurobonds Secondary,1996-02-02,T00189
53,126,DEM,AAA,5.023,1817,2460,DEM Eurobonds Secondary,1996-02-02,T00190
28,126,DEM,AAA,5.196,1834,533,DEM Eurobonds Secondary,1996-02-02,T00191
53,126,DEM,AAA,4.475,1837,408,DEM Eurobonds Secondary,1996-02-02,T00192
48,126,DEM,AAA,5.582,2429,245,DEM Eurobonds Secondary,1996-02-02,T00193
52,126,DEM,AAA,5.564,2429,15170,DEM Eurobonds Secondary,1996-02-02,T00194
9,126,DEM,AAA,10.347,2561,408,DEM Eurobonds Secondary,1996-02-02,T00195
21,126,DEM,AAA,5.753,2562,3280,DEM Eurobonds Secondary,1996-02-02,T00196
55,120,DEM,AAA,6.008,3542,410,DEM European Government,1996-02-02,T00197
12,146,XEU,AAA,5.456,1019,164,ECU Eurobonds Secondary,1996-02-02,T00198
55,146,XEU,AAA,6.809,2936,754,ECU Eurobonds Secondary,1996-02-02,T00199
55,146,XEU,AAA,7.333,4029,528,ECU Eurobonds Secondary,1996-02-02,T00200
55,140,XEU,AAA,4.575,354,980,ECU European Government,1996-02-02,T00201
55,140,XEU,AAA,6.261,2274,603,ECU European Government,1996-02-02,T00202
55,140,XEU,AAA,6.278,2274,5980,ECU European Government,1996-02-02,T00203
55,140,XEU,AAA,6.634,3005,754,ECU European Government,1996-02-02,T00204
55,140,XEU,AAA,7.769,9579,452,ECU European Government,1996-02-02,T00205
24,301,USD,AAA,4.29,4337,1219,Emerging Markets Eurobonds Sec,1996-02-02,T00206
24,301,USD,AAA,10.565,8824,305,Emerging Markets Eurobonds Sec,1996-02-02,T00207
12,136,FRF,AAA,4.908,649,203,FRF Eurobonds Secondary,1996-02-02,T00208
12,136,FRF,AAA,5.166,825,142,FRF Eurobonds Secondary,1996-02-02,T00209
12,136,FRF,AAA,5.056,1392,88,FRF Eurobonds Secondary,1996-02-02,T00210
53,186,GBP,AAA,7.191,1792,185,GBP Eurobonds Secondary,1996-02-02,T00211
55,186,GBP,AAA,7.636,2621,2775,GBP Eurobonds Secondary,1996-02-02,T00212
55,186,GBP,AAA,7.764,2936,2775,GBP Eurobonds Secondary,1996-02-02,T00213
12,166,ITL,AAA,9.228,686,76,ITL Eurobonds Secondary,1996-02-02,T00214
12,166,ITL,AAA,9.228,686,114,ITL Eurobonds Secondary,1996-02-02,T00215
12,166,ITL,AAA,9.228,686,129,ITL Eurobonds Secondary,1996-02-02,T00216
12,166,ITL,AAA,9.228,686,152,ITL Eurobonds Secondary,1996-02-02,T00217
27,115,USD,AAA,4.948,731,305,USD Eurobonds Primary,1996-02-02,T00218
1,115,USD,AAA,4.974,731,908,USD Eurobonds Primary,1996-02-02,T00219
9,115,USD,AAA,4.948,731,1210,USD Eurobonds Primary,1996-02-02,T00220
12,115,USD,AAA,5.132,1067,175,USD Eurobonds Primary,1996-02-02,T00221
9,115,USD,AAA,5.426,1088,1219,USD Eurobonds Primary,1996-02-02,T00222
2025,115,USD,AAA,5.482,1110,1210,USD Eurobonds Primary,1996-02-02,T00223
28,115,USD,AAA,5.444,1853,608,USD Eurobonds Primary,1996-02-02,T00224
2025,115,USD,AAA,5.455,1853,2420,USD Eurobonds Primary,1996-02-02,T00225
12,116,USD,AAA,4.951,550,121,USD Eurobonds Secondary,1996-02-02,T00226
55,116,USD,AAA,5.073,607,610,USD Eurobonds Secondary,1996-02-02,T00227
12,116,USD,AAA,4.88,717,206,USD Eurobonds Secondary,1996-02-02,T00228
12,116,USD,AAA,4.88,717,206,USD Eurobonds Secondary,1996-02-02,T00229
12,116,USD,AAA,4.88,717,206,USD Eurobonds Secondary,1996-02-02,T00230
12,116,USD,AAA,5.072,717,339,USD Eurobonds Secondary,1996-02-02,T00231
9,116,USD,AAA,4.938,717,1219,USD Eurobonds Secondary,1996-02-02,T00232
12,116,USD,AAA,4.963,731,70,USD Eurobonds Secondary,1996-02-02,T00233
12,116,USD,AAA,4.974,731,70,USD Eurobonds Secondary,1996-02-02,T00234
12,116,USD,AAA,5.255,808,303,USD Eurobonds Secondary,1996-02-02,T00235
12,116,USD,AAA,5.197,908,157,USD Eurobonds Secondary,1996-02-02,T00236
12,116,USD,AAA,5.197,908,303,USD Eurobonds Secondary,1996-02-02,T00237
2025,116,USD,AAA,5.216,908,1210,USD Eurobonds Secondary,1996-02-02,T00238
1,116,USD,AAA,4.999,949,914,USD Eurobonds Secondary,1996-02-02,T00239
12,116,USD,AAA,5.299,984,157,USD Eurobonds Secondary,1996-02-02,T00240
12,116,USD,AAA,5.075,991,871,USD Eurobonds Secondary,1996-02-02,T00241
52,116,USD,AAA,5.41,1266,182,USD Eurobonds Secondary,1996-02-02,T00242
28,116,USD,AAA,5.464,1503,608,USD Eurobonds Secondary,1996-02-02,T00243
55,116,USD,AAA,5.283,1764,854,USD Eurobonds Secondary,1996-02-02,T00244
55,116,USD,AAA,5.846,2251,610,USD Eurobonds Secondary,1996-02-02,T00245
25,116,USD,AAA,6,2794,605,USD Eurobonds Secondary,1996-02-02,T00246
55,116,USD,AAA,5.882,2812,244,USD Eurobonds Secondary,1996-02-02,T00247
48,116,USD,AAA,6.179,3203,244,USD Eurobonds Secondary,1996-02-02,T00248
48,116,USD,AAA,6.264,3293,244,USD Eurobonds Secondary,1996-02-02,T00249
55,116,USD,AAA,6.06,3447,915,USD Eurobonds Secondary,1996-02-02,T00250
11,116,USD,AAA,6.011,3660,121,USD Eurobonds Secondary,1996-02-02,T00251
12,118,USD,AAA,0.285,2426,201,USD FRN,1996-02-02,T00252
12,118,USD,AAA,0.281,2552,363,USD FRN,1996-02-02,T00253
23,506,ZAR,AAA,12.629,651,50,ZAR Secondary,1996-02-02,T00254
29,506,ZAR,AAA,12.079,2403,432,ZAR Secondary,1996-02-02,T00255
12,156,CAD,AAA,5.434,679,88,CAD Eurobonds Secondary,1996-02-05,T00256
12,156,CAD,AAA,5.956,1068,88,CAD Eurobonds Secondary,1996-02-05,T00257
28,156,CAD,AAA,5.767,1068,440,CAD Eurobonds Secondary,1996-02-05,T00258
12,156,CAD,AAA,6.559,2156,356,CAD Eurobonds Secondary,1996-02-05,T00259
2025,156,CAD,AAA,7.38,3628,836,CAD Eurobonds Secondary,1996-02-05,T00260
21,2,CHF,AAA,2.491,496,1000,CHF Domestic  Bond Secondary,1996-02-05,T00261
21,2,CHF,AAA,2.491,496,1000,CHF Domestic  Bond Secondary,1996-02-05,T00262
76,2,CHF,DDD,2.988,1064,500,CHF Domestic  Bond Secondary,1996-02-05,T00263
36,2,CHF,AAA,3.583,1597,150,CHF Domestic  Bond Secondary,1996-02-05,T00264
21,2,CHF,AAA,3.665,1815,300,CHF Domestic  Bond Secondary,1996-02-05,T00265
81,2,CHF,CCC,4.977,1956,10,CHF Domestic  Bond Secondary,1996-02-05,T00266
339,2,CHF,DDD,4.852,2228,500,CHF Domestic  Bond Secondary,1996-02-05,T00267
95,2,CHF,BBB,4.897,2228,500,CHF Domestic  Bond Secondary,1996-02-05,T00268
55,2,CHF,AAA,4.423,2445,100,CHF Domestic  Bond Secondary,1996-02-05,T00269
187,2,CHF,CCC,-0.471,2452,200,CHF Domestic  Bond Secondary,1996-02-05,T00270
339,2,CHF,DDD,4.562,2830,1000,CHF Domestic  Bond Secondary,1996-02-05,T00271
95,2,CHF,BBB,4.598,2830,1000,CHF Domestic  Bond Secondary,1996-02-05,T00272
130,2,CHF,EEE,4.543,3165,5000,CHF Domestic  Bond Secondary,1996-02-05,T00273
55,2,CHF,AAA,4.611,3165,5000,CHF Domestic  Bond Secondary,1996-02-05,T00274
130,2,CHF,EEE,4.496,3598,20000,CHF Domestic  Bond Secondary,1996-02-05,T00275
361,2,CHF,CCC,4.555,3632,100,CHF Domestic  Bond Secondary,1996-02-05,T00276
1,2,CHF,AAA,4.619,3654,100,CHF Domestic  Bond Secondary,1996-02-05,T00277
130,2,CHF,EEE,4.488,3664,2000,CHF Domestic  Bond Secondary,1996-02-05,T00278
21,1,CHF,AAA,4.467,3691,300,CHF Domestic Bond  Primary,1996-02-05,T00279
350,5,CHF,DDD,2.855,737,1550,CHF European Government,1996-02-05,T00280
135,5,CHF,EEE,3.458,1496,15000,CHF European Government,1996-02-05,T00281
55,5,CHF,AAA,3.768,2071,400,CHF European Government,1996-02-05,T00282
55,5,CHF,AAA,3.915,2192,500,CHF European Government,1996-02-05,T00283
231,5,CHF,GGG,3.93,2345,210,CHF European Government,1996-02-05,T00284
49,5,CHF,AAA,3.911,2345,500,CHF European Government,1996-02-05,T00285
55,5,CHF,AAA,3.937,2345,500,CHF European Government,1996-02-05,T00286
55,5,CHF,AAA,4.331,2987,250,CHF European Government,1996-02-05,T00287
55,5,CHF,AAA,4.329,3167,1250,CHF European Government,1996-02-05,T00288
49,5,CHF,AAA,4.329,3167,2000,CHF European Government,1996-02-05,T00289
49,5,CHF,AAA,4.418,3258,500,CHF European Government,1996-02-05,T00290
339,5,CHF,DDD,4.419,3258,1000,CHF European Government,1996-02-05,T00291
338,5,CHF,DDD,4.394,3715,1000,CHF European Government,1996-02-05,T00292
338,5,CHF,DDD,4.47,3715,1000,CHF European Government,1996-02-05,T00293
338,5,CHF,DDD,4.47,3715,1000,CHF European Government,1996-02-05,T00294
187,5,CHF,CCC,4.5,3715,5000,CHF European Government,1996-02-05,T00295
1,5,CHF,AAA,4.56,4355,300,CHF European Government,1996-02-05,T00296
49,5,CHF,AAA,4.892,6545,2000,CHF European Government,1996-02-05,T00297
21,3,CHF,AAA,4.635,3683,800,CHF Foreign  Bond Primary,1996-02-05,T00298
68,4,CHF,GGG,2.148,59,1300,CHF Foreign  Bond Secondary,1996-02-05,T00299
81,4,CHF,CCC,4.303,85,30,CHF Foreign  Bond Secondary,1996-02-05,T00300
18,4,CHF,AAA,2.662,1088,1000,CHF Foreign  Bond Secondary,1996-02-05,T00301
187,4,CHF,CCC,4.053,1474,200,CHF Foreign  Bond Secondary,1996-02-05,T00302
81,4,CHF,CCC,-0.679,1590,100,CHF Foreign  Bond Secondary,1996-02-05,T00303
81,4,CHF,CCC,4.067,1600,10,CHF Foreign  Bond Secondary,1996-02-05,T00304
49,4,CHF,AAA,3.947,1617,500,CHF Foreign  Bond Secondary,1996-02-05,T00305
88,4,CHF,CCC,3.818,1655,400,CHF Foreign  Bond Secondary,1996-02-05,T00306
47,4,CHF,AAA,3.683,1698,220,CHF Foreign  Bond Secondary,1996-02-05,T00307
81,4,CHF,CCC,3.528,1788,30,CHF Foreign  Bond Secondary,1996-02-05,T00308
361,4,CHF,CCC,4.313,2297,2000,CHF Foreign  Bond Secondary,1996-02-05,T00309
14,4,CHF,AAA,4.35,2853,250,CHF Foreign  Bond Secondary,1996-02-05,T00310
361,4,CHF,CCC,4.677,4734,100,CHF Foreign  Bond Secondary,1996-02-05,T00311
81,22,CHF,CCC,-0.319,1137,150,CHF FRN,1996-02-05,T00312
81,22,CHF,CCC,0.061,1507,150,CHF FRN,1996-02-05,T00313
53,126,DEM,AAA,4.612,1108,245,DEM Eurobonds Secondary,1996-02-05,T00314
53,126,DEM,AAA,4.768,1389,61,DEM Eurobonds Secondary,1996-02-05,T00315
4,126,DEM,AAA,4.836,1414,82,DEM Eurobonds Secondary,1996-02-05,T00316
25,126,DEM,AAA,5.116,1607,163,DEM Eurobonds Secondary,1996-02-05,T00317
25,126,DEM,AAA,5.157,1618,163,DEM Eurobonds Secondary,1996-02-05,T00318
11,126,DEM,AAA,4.993,1758,4075,DEM Eurobonds Secondary,1996-02-05,T00319
3,126,DEM,AAA,5.816,2192,817,DEM Eurobonds Secondary,1996-02-05,T00320
52,126,DEM,AAA,5.555,2426,571,DEM Eurobonds Secondary,1996-02-05,T00321
53,126,DEM,AAA,7.747,2576,61,DEM Eurobonds Secondary,1996-02-05,T00322
52,126,DEM,AAA,6.069,2794,2086,DEM Eurobonds Secondary,1996-02-05,T00323
52,120,DEM,AAA,4.451,1062,16418,DEM European Government,1996-02-05,T00324
55,120,DEM,AAA,4.622,1389,12225,DEM European Government,1996-02-05,T00325
55,120,DEM,AAA,5.556,2177,2364,DEM European Government,1996-02-05,T00326
24,120,DEM,AAA,-0.092,2779,245,DEM European Government,1996-02-05,T00327
55,220,DKK,AAA,6.46,2110,210,DKK European Government,1996-02-05,T00328
52,146,XEU,AAA,-0.702,966,463,ECU Eurobonds Secondary,1996-02-05,T00329
12,146,XEU,AAA,4.928,1024,1794,ECU Eurobonds Secondary,1996-02-05,T00330
55,140,XEU,AAA,7.695,9576,3513,ECU European Government,1996-02-05,T00331
24,302,USD,AAA,7.053,6540,605,Emerging Markets Brady Bonds,1996-02-05,T00332
24,176,ESP,AAA,8.981,1823,241,ESP Eurobonds Secondary,1996-02-05,T00333
55,170,ESP,AAA,9.249,1510,145,ESP European Government,1996-02-05,T00334
55,130,FRF,AAA,6.25,2636,332,FRF European Government,1996-02-05,T00335
52,130,FRF,AAA,6.734,4646,711,FRF European Government,1996-02-05,T00336
1540,6,CHF,DDD,22.329,146,500,Futures Conf,1996-02-05,T00337
52,186,GBP,AAA,6.603,667,1281,GBP Eurobonds Secondary,1996-02-05,T00338
52,186,GBP,AAA,6.651,694,1647,GBP Eurobonds Secondary,1996-02-05,T00339
52,186,GBP,AAA,8.107,2185,549,GBP Eurobonds Secondary,1996-02-05,T00340
55,180,GBP,AAA,7.006,1767,7320,GBP Gilts,1996-02-05,T00341
55,180,GBP,AAA,7.419,2682,7320,GBP Gilts,1996-02-05,T00342
55,180,GBP,AAA,7.539,2772,265,GBP Gilts,1996-02-05,T00343
12,165,ITL,AAA,9.165,683,176,ITL Eurobonds Primary,1996-02-05,T00344
12,166,ITL,AAA,9.191,683,38,ITL Eurobonds Secondary,1996-02-05,T00345
25,166,ITL,AAA,10.537,3068,380,ITL Eurobonds Secondary,1996-02-05,T00346
55,196,JPY,AAA,2.606,2054,11350,JPY Eurobonds  Secondary,1996-02-05,T00347
55,196,JPY,AAA,2.939,2578,11350,JPY Eurobonds  Secondary,1996-02-05,T00348
55,190,JPY,AAA,2.807,2419,22700,JPY JGB,1996-02-05,T00349
21,206,NLG,AAA,4.551,1554,1021,NLG  Eurobonds Secondary,1996-02-05,T00350
21,206,NLG,AAA,4.748,1775,365,NLG  Eurobonds Secondary,1996-02-05,T00351
21,200,NLG,AAA,3.214,100,948,NLG  European Government,1996-02-05,T00352
51,200,NLG,AAA,4.156,891,365,NLG  European Government,1996-02-05,T00353
55,200,NLG,AAA,5.675,2567,219,NLG  European Government,1996-02-05,T00354
55,112,USD,AAA,5.926,3650,24200,USD Asset Backed,1996-02-05,T00355
27,115,ITL,AAA,9.105,1062,380,USD Eurobonds Primary,1996-02-05,T00356
55,116,USD,AAA,5.085,745,3630,USD Eurobonds Secondary,1996-02-05,T00357
12,116,USD,AAA,5.004,752,121,USD Eurobonds Secondary,1996-02-05,T00358
23,116,USD,AAA,5.116,884,303,USD Eurobonds Secondary,1996-02-05,T00359
55,116,USD,AAA,5.811,1311,12100,USD Eurobonds Secondary,1996-02-05,T00360
53,116,USD,AAA,5.49,1332,750,USD Eurobonds Secondary,1996-02-05,T00361
55,116,USD,AAA,5.59,1450,3025,USD Eurobonds Secondary,1996-02-05,T00362
55,116,USD,AAA,5.435,1576,4840,USD Eurobonds Secondary,1996-02-05,T00363
52,116,USD,AAA,5.474,1710,484,USD Eurobonds Secondary,1996-02-05,T00364
55,116,USD,AAA,6.159,3257,2420,USD Eurobonds Secondary,1996-02-05,T00365
55,116,USD,AAA,6.146,3444,8470,USD Eurobonds Secondary,1996-02-05,T00366
55,116,USD,AAA,6.132,3444,12100,USD Eurobonds Secondary,1996-02-05,T00367
12,118,USD,AAA,0.154,2387,1029,USD FRN,1996-02-05,T00368
55,110,USD,AAA,5.03,846,3388,USD Treasury,1996-02-05,T00369
55,110,USD,AAA,5.054,968,24200,USD Treasury,1996-02-05,T00370
55,110,USD,AAA,5.201,1531,12100,USD Treasury,1996-02-05,T00371
55,110,USD,AAA,5.31,2110,14520,USD Treasury,1996-02-05,T00372
55,110,USD,AAA,5.373,2291,18150,USD Treasury,1996-02-05,T00373
55,110,USD,AAA,5.515,2385,10890,USD Treasury,1996-02-05,T00374
55,110,USD,AAA,5.505,2748,7260,USD Treasury,1996-02-05,T00375
55,110,USD,AAA,5.589,2748,21780,USD Treasury,1996-02-05,T00376
55,110,USD,AAA,5.698,3571,14520,USD Treasury,1996-02-05,T00377
8,506,ZAR,AAA,13.039,1796,165,ZAR Secondary,1996-02-05,T00378
2025,156,CAD,AAA,6.26,1683,528,CAD Eurobonds Secondary,1996-02-06,T00379
27,156,CAD,AAA,6.516,2155,440,CAD Eurobonds Secondary,1996-02-06,T00380
16,2,CHF,AAA,3.636,694,100,CHF Domestic  Bond Secondary,1996-02-06,T00381
125,2,CHF,EEE,-0.495,2451,1000,CHF Domestic  Bond Secondary,1996-02-06,T00382
76,2,CHF,DDD,4.596,2535,1500,CHF Domestic  Bond Secondary,1996-02-06,T00383
344,2,CHF,DDD,4.622,3542,250,CHF Domestic  Bond Secondary,1996-02-06,T00384
366,2,CHF,DDD,4.433,3597,2000,CHF Domestic  Bond Secondary,1996-02-06,T00385
366,2,CHF,DDD,4.433,3597,5000,CHF Domestic  Bond Secondary,1996-02-06,T00386
361,2,CHF,CCC,4.555,3631,100,CHF Domestic  Bond Secondary,1996-02-06,T00387
358,5,CHF,DDD,3.93,2344,200,CHF European Government,1996-02-06,T00388
342,5,CHF,III,3.913,2344,20000,CHF European Government,1996-02-06,T00389
342,5,CHF,III,4.067,2527,10000,CHF European Government,1996-02-06,T00390
342,5,CHF,III,4.728,2657,20000,CHF European Government,1996-02-06,T00391
10,5,CHF,AAA,4.751,2657,20000,CHF European Government,1996-02-06,T00392
344,5,CHF,DDD,4.416,3714,2000,CHF European Government,1996-02-06,T00393
344,5,CHF,DDD,4.5,4354,2000,CHF European Government,1996-02-06,T00394
187,3,CHF,CCC,3.251,1764,300,CHF Foreign  Bond Primary,1996-02-06,T00395
187,3,CHF,CCC,3.285,1764,550,CHF Foreign  Bond Primary,1996-02-06,T00396
14,4,CHF,AAA,3.48,71,100,CHF Foreign  Bond Secondary,1996-02-06,T00397
65,4,CHF,CCC,3.435,72,100,CHF Foreign  Bond Secondary,1996-02-06,T00398
88,4,CHF,CCC,2.801,134,250,CHF Foreign  Bond Secondary,1996-02-06,T00399
88,4,CHF,CCC,2.114,188,200,CHF Foreign  Bond Secondary,1996-02-06,T00400
81,4,CHF,CCC,4.351,286,20,CHF Foreign  Bond Secondary,1996-02-06,T00401
30,4,CHF,AAA,2.577,346,320,CHF Foreign  Bond Secondary,1996-02-06,T00402
81,4,CHF,CCC,3.404,639,110,CHF Foreign  Bond Secondary,1996-02-06,T00403
81,4,CHF,CCC,2.649,651,30,CHF Foreign  Bond Secondary,1996-02-06,T00404
81,4,CHF,CCC,2.862,662,70,CHF Foreign  Bond Secondary,1996-02-06,T00405
81,4,CHF,CCC,5.263,785,30,CHF Foreign  Bond Secondary,1996-02-06,T00406
81,4,CHF,CCC,3.021,875,30,CHF Foreign  Bond Secondary,1996-02-06,T00407
81,4,CHF,CCC,3.772,918,30,CHF Foreign  Bond Secondary,1996-02-06,T00408
81,4,CHF,CCC,5.971,966,40,CHF Foreign  Bond Secondary,1996-02-06,T00409
24,4,CHF,AAA,3.06,1287,500,CHF Foreign  Bond Secondary,1996-02-06,T00410
361,4,CHF,CCC,4.018,1774,700,CHF Foreign  Bond Secondary,1996-02-06,T00411
187,4,CHF,CCC,3.785,1823,300,CHF Foreign  Bond Secondary,1996-02-06,T00412
59,4,CHF,CCC,3.707,1843,865,CHF Foreign  Bond Secondary,1996-02-06,T00413
81,4,CHF,CCC,4.606,1926,60,CHF Foreign  Bond Secondary,1996-02-06,T00414
81,4,CHF,CCC,6.101,2126,70,CHF Foreign  Bond Secondary,1996-02-06,T00415
21,4,CHF,AAA,4.128,2166,200,CHF Foreign  Bond Secondary,1996-02-06,T00416
187,4,CHF,CCC,3.875,2171,200,CHF Foreign  Bond Secondary,1996-02-06,T00417
81,4,CHF,CCC,4.174,2193,60,CHF Foreign  Bond Secondary,1996-02-06,T00418
21,4,CHF,AAA,4.05,2361,200,CHF Foreign  Bond Secondary,1996-02-06,T00419
21,4,CHF,AAA,4.157,2425,200,CHF Foreign  Bond Secondary,1996-02-06,T00420
35,4,CHF,FFF,5.313,2465,7000,CHF Foreign  Bond Secondary,1996-02-06,T00421
35,4,CHF,FFF,4.287,2537,5000,CHF Foreign  Bond Secondary,1996-02-06,T00422
81,4,CHF,CCC,4.832,2556,5,CHF Foreign  Bond Secondary,1996-02-06,T00423
81,4,CHF,CCC,4.512,2568,60,CHF Foreign  Bond Secondary,1996-02-06,T00424
21,4,CHF,AAA,4.327,2670,200,CHF Foreign  Bond Secondary,1996-02-06,T00425
21,4,CHF,AAA,4.347,2787,200,CHF Foreign  Bond Secondary,1996-02-06,T00426
116,4,CHF,EEE,4.681,3313,5000,CHF Foreign  Bond Secondary,1996-02-06,T00427
52,126,DEM,AAA,4.453,1008,697,DEM Eurobonds Secondary,1996-02-06,T00428
52,126,DEM,AAA,5.187,1522,599,DEM Eurobonds Secondary,1996-02-06,T00429
1,126,DEM,AAA,5.26,1647,1223,DEM Eurobonds Secondary,1996-02-06,T00430
24,126,DEM,AAA,5.243,1750,122,DEM Eurobonds Secondary,1996-02-06,T00431
25,126,DEM,AAA,5.594,2556,408,DEM Eurobonds Secondary,1996-02-06,T00432
52,126,DEM,AAA,6.573,4605,4104,DEM Eurobonds Secondary,1996-02-06,T00433
52,120,DEM,AAA,3.949,714,2637,DEM European Government,1996-02-06,T00434
52,120,DEM,AAA,4.298,926,489,DEM European Government,1996-02-06,T00435
8,120,DEM,AAA,4.216,1073,163,DEM European Government,1996-02-06,T00436
9,120,DEM,AAA,6.789,2509,571,DEM European Government,1996-02-06,T00437
12,146,XEU,AAA,5.023,1023,493,ECU Eurobonds Secondary,1996-02-06,T00438
13,140,XEU,AAA,5.966,1865,9269,ECU European Government,1996-02-06,T00439
21,136,FRF,AAA,4.989,667,616,FRF Eurobonds Secondary,1996-02-06,T00440
12,136,FRF,AAA,4.99,825,178,FRF Eurobonds Secondary,1996-02-06,T00441
48,186,GBP,AAA,6.803,1059,183,GBP Eurobonds Secondary,1996-02-06,T00442
48,186,GBP,AAA,7.057,1281,183,GBP Eurobonds Secondary,1996-02-06,T00443
55,196,JPY,AAA,1.839,1333,3405,JPY Eurobonds  Secondary,1996-02-06,T00444
55,190,JPY,AAA,2.039,1504,3405,JPY JGB,1996-02-06,T00445
55,190,JPY,AAA,2.489,1961,22700,JPY JGB,1996-02-06,T00446
55,190,JPY,AAA,2.569,2053,22700,JPY JGB,1996-02-06,T00447
55,112,USD,AAA,5.506,1713,12100,USD Asset Backed,1996-02-06,T00448
24,116,USD,AAA,9.892,531,303,USD Eurobonds Secondary,1996-02-06,T00449
2025,116,USD,AAA,5.071,713,2420,USD Eurobonds Secondary,1996-02-06,T00450
21,116,USD,AAA,5.106,727,121,USD Eurobonds Secondary,1996-02-06,T00451
27,116,USD,AAA,5.077,727,175,USD Eurobonds Secondary,1996-02-06,T00452
27,116,USD,AAA,5.106,727,484,USD Eurobonds Secondary,1996-02-06,T00453
11,116,USD,AAA,4.979,727,605,USD Eurobonds Secondary,1996-02-06,T00454
12,116,USD,AAA,5.108,814,242,USD Eurobonds Secondary,1996-02-06,T00455
24,116,USD,AAA,5.149,854,242,USD Eurobonds Secondary,1996-02-06,T00456
53,116,USD,AAA,5.185,904,303,USD Eurobonds Secondary,1996-02-06,T00457
24,116,USD,AAA,5.448,951,121,USD Eurobonds Secondary,1996-02-06,T00458
21,116,USD,AAA,5.287,1046,121,USD Eurobonds Secondary,1996-02-06,T00459
52,116,USD,AAA,5.353,1049,242,USD Eurobonds Secondary,1996-02-06,T00460
12,116,USD,AAA,5.407,1084,254,USD Eurobonds Secondary,1996-02-06,T00461
24,116,USD,AAA,5.341,1088,242,USD Eurobonds Secondary,1996-02-06,T00462
30,116,USD,AAA,5.347,1088,303,USD Eurobonds Secondary,1996-02-06,T00463
11,116,USD,AAA,5.106,1091,605,USD Eurobonds Secondary,1996-02-06,T00464
21,116,USD,AAA,5.654,1305,9317,USD Eurobonds Secondary,1996-02-06,T00465
24,116,USD,AAA,5.56,1336,121,USD Eurobonds Secondary,1996-02-06,T00466
52,116,USD,AAA,5.575,1336,121,USD Eurobonds Secondary,1996-02-06,T00467
53,116,USD,AAA,5.563,1336,448,USD Eurobonds Secondary,1996-02-06,T00468
24,116,USD,AAA,5.34,1414,303,USD Eurobonds Secondary,1996-02-06,T00469
24,116,USD,AAA,5.315,1414,605,USD Eurobonds Secondary,1996-02-06,T00470
11,116,USD,AAA,5.25,1456,1210,USD Eurobonds Secondary,1996-02-06,T00471
24,116,USD,AAA,5.642,1651,666,USD Eurobonds Secondary,1996-02-06,T00472
24,116,USD,AAA,5.597,1709,121,USD Eurobonds Secondary,1996-02-06,T00473
53,116,USD,AAA,5.617,1709,157,USD Eurobonds Secondary,1996-02-06,T00474
53,116,USD,AAA,5.493,1709,182,USD Eurobonds Secondary,1996-02-06,T00475
16,116,USD,AAA,5.375,1745,2420,USD Eurobonds Secondary,1996-02-06,T00476
24,116,USD,AAA,5.34,1760,121,USD Eurobonds Secondary,1996-02-06,T00477
24,116,USD,AAA,5.352,1760,666,USD Eurobonds Secondary,1996-02-06,T00478
53,116,USD,AAA,5.452,1806,774,USD Eurobonds Secondary,1996-02-06,T00479
21,116,USD,AAA,6.2,2715,10890,USD Eurobonds Secondary,1996-02-06,T00480
21,116,USD,AAA,5.997,2730,12100,USD Eurobonds Secondary,1996-02-06,T00481
12,116,USD,AAA,6.279,3402,327,USD Eurobonds Secondary,1996-02-06,T00482
12,118,USD,AAA,0.258,2422,666,USD FRN,1996-02-06,T00483
55,113,USD,AAA,6.131,4116,14490,USD Mortgage Backed,1996-02-06,T00484
100,7,CHF,HHH,-0.104,141,4000,Zinsoptions,1996-02-06,T00485
12,155,CAD,AAA,6.506,2154,88,CAD Eurobonds Primary,1996-02-07,T00486
81,2,CHF,CCC,2.32,463,25,CHF Domestic  Bond Secondary,1996-02-07,T00487
127,2,CHF,HHH,2.825,627,1002,CHF Domestic  Bond Secondary,1996-02-07,T00488
336,2,CHF,DDD,3.466,793,300,CHF Domestic  Bond Secondary,1996-02-07,T00489
76,2,CHF,DDD,2.943,1062,150,CHF Domestic  Bond Secondary,1996-02-07,T00490
9,2,CHF,AAA,2.984,1226,120,CHF Domestic  Bond Secondary,1996-02-07,T00491
47,2,CHF,AAA,3.619,1825,300,CHF Domestic  Bond Secondary,1996-02-07,T00492
84,2,CHF,CCC,4.166,1835,1000,CHF Domestic  Bond Secondary,1996-02-07,T00493
350,2,CHF,DDD,4.589,2233,2000,CHF Domestic  Bond Secondary,1996-02-07,T00494
127,2,CHF,HHH,4.677,2233,2000,CHF Domestic  Bond Secondary,1996-02-07,T00495
106,2,CHF,FFF,4.018,2465,3000,CHF Domestic  Bond Secondary,1996-02-07,T00496
21,2,CHF,AAA,4.226,2609,1000,CHF Domestic  Bond Secondary,1996-02-07,T00497
9,2,CHF,AAA,4.025,2715,250,CHF Domestic  Bond Secondary,1996-02-07,T00498
351,2,CHF,DDD,35.286,2805,50,CHF Domestic  Bond Secondary,1996-02-07,T00499
21,2,CHF,AAA,4.616,3486,1000,CHF Domestic  Bond Secondary,1996-02-07,T00500
21,2,CHF,AAA,4.402,3596,500,CHF Domestic  Bond Secondary,1996-02-07,T00501
21,2,CHF,AAA,4.65,3652,1000,CHF Domestic  Bond Secondary,1996-02-07,T00502
21,2,CHF,AAA,4.65,3652,1000,CHF Domestic  Bond Secondary,1996-02-07,T00503
3,2,CHF,AAA,4.746,4384,500,CHF Domestic  Bond Secondary,1996-02-07,T00504
21,1,CHF,AAA,4.4,3689,500,CHF Domestic Bond  Primary,1996-02-07,T00505
49,5,CHF,AAA,2.833,735,200,CHF European Government,1996-02-07,T00506
347,5,CHF,CCC,3.043,1127,7000,CHF European Government,1996-02-07,T00507
135,5,CHF,EEE,3.406,1494,10000,CHF European Government,1996-02-07,T00508
350,5,CHF,DDD,3.407,1585,5000,CHF European Government,1996-02-07,T00509
55,5,CHF,AAA,3.864,2343,2700,CHF European Government,1996-02-07,T00510
339,5,CHF,DDD,4.681,2656,2000,CHF European Government,1996-02-07,T00511
347,5,CHF,CCC,4.254,3165,3000,CHF European Government,1996-02-07,T00512
135,5,CHF,EEE,4.323,3256,10000,CHF European Government,1996-02-07,T00513
336,5,CHF,DDD,4.473,4353,60,CHF European Government,1996-02-07,T00514
55,5,CHF,AAA,4.476,4353,500,CHF European Government,1996-02-07,T00515
18,3,CHF,AAA,3.347,1135,1000,CHF Foreign  Bond Primary,1996-02-07,T00516
47,3,CHF,AAA,3.251,1763,300,CHF Foreign  Bond Primary,1996-02-07,T00517
84,4,CHF,CCC,2.079,75,1000,CHF Foreign  Bond Secondary,1996-02-07,T00518
84,4,CHF,CCC,2.237,195,1000,CHF Foreign  Bond Secondary,1996-02-07,T00519
21,4,CHF,AAA,2.222,313,1500,CHF Foreign  Bond Secondary,1996-02-07,T00520
73,4,CHF,GGG,2.622,681,800,CHF Foreign  Bond Secondary,1996-02-07,T00521
2131,4,CHF,FFF,2.862,700,1000,CHF Foreign  Bond Secondary,1996-02-07,T00522
97,4,CHF,DDD,2.69,776,500,CHF Foreign  Bond Secondary,1996-02-07,T00523
88,4,CHF,CCC,3.449,800,100,CHF Foreign  Bond Secondary,1996-02-07,T00524
354,4,CHF,DDD,4.419,919,100,CHF Foreign  Bond Secondary,1996-02-07,T00525
25,4,CHF,AAA,3.069,994,250,CHF Foreign  Bond Secondary,1996-02-07,T00526
48,4,CHF,AAA,3.873,1132,150,CHF Foreign  Bond Secondary,1996-02-07,T00527
48,4,CHF,AAA,3.873,1132,300,CHF Foreign  Bond Secondary,1996-02-07,T00528
73,4,CHF,GGG,3.28,1135,150,CHF Foreign  Bond Secondary,1996-02-07,T00529
73,4,CHF,GGG,3.28,1135,250,CHF Foreign  Bond Secondary,1996-02-07,T00530
53,4,CHF,AAA,3.032,1191,6000,CHF Foreign  Bond Secondary,1996-02-07,T00531
34,4,CHF,AAA,3.064,1191,8000,CHF Foreign  Bond Secondary,1996-02-07,T00532
354,4,CHF,DDD,3.269,1203,100,CHF Foreign  Bond Secondary,1996-02-07,T00533
68,4,CHF,GGG,4.587,1205,120,CHF Foreign  Bond Secondary,1996-02-07,T00534
37,4,CHF,AAA,3.063,1286,500,CHF Foreign  Bond Secondary,1996-02-07,T00535
9,4,CHF,AAA,3.8,1703,200,CHF Foreign  Bond Secondary,1996-02-07,T00536
73,4,CHF,GGG,3.583,1786,100,CHF Foreign  Bond Secondary,1996-02-07,T00537
347,4,CHF,CCC,3.53,1801,200,CHF Foreign  Bond Secondary,1996-02-07,T00538
68,4,CHF,GGG,4.25,1825,1000,CHF Foreign  Bond Secondary,1996-02-07,T00539
97,4,CHF,DDD,3.826,1842,2000,CHF Foreign  Bond Secondary,1996-02-07,T00540
21,4,CHF,AAA,3.647,1856,100,CHF Foreign  Bond Secondary,1996-02-07,T00541
10,4,CHF,AAA,4.004,2039,4500,CHF Foreign  Bond Secondary,1996-02-07,T00542
97,4,CHF,DDD,3.865,2073,100,CHF Foreign  Bond Secondary,1996-02-07,T00543
73,4,CHF,GGG,3.816,2073,200,CHF Foreign  Bond Secondary,1996-02-07,T00544
53,4,CHF,AAA,4.075,2365,100,CHF Foreign  Bond Secondary,1996-02-07,T00545
88,4,CHF,CCC,4.692,2483,50,CHF Foreign  Bond Secondary,1996-02-07,T00546
73,4,CHF,GGG,4.165,2485,250,CHF Foreign  Bond Secondary,1996-02-07,T00547
25,4,CHF,AAA,4.245,2536,1300,CHF Foreign  Bond Secondary,1996-02-07,T00548
116,4,CHF,EEE,4.646,3312,5000,CHF Foreign  Bond Secondary,1996-02-07,T00549
347,4,CHF,CCC,4.583,3655,150,CHF Foreign  Bond Secondary,1996-02-07,T00550
336,4,CHF,DDD,4.583,3655,2000,CHF Foreign  Bond Secondary,1996-02-07,T00551
1,125,DEM,AAA,5.444,2151,82,DEM Eurobonds Primary,1996-02-07,T00552
25,125,DEM,AAA,5.464,2151,817,DEM Eurobonds Primary,1996-02-07,T00553
27,126,DEM,AAA,4.829,1412,82,DEM Eurobonds Secondary,1996-02-07,T00554
27,126,DEM,AAA,4.842,1412,82,DEM Eurobonds Secondary,1996-02-07,T00555
27,126,DEM,AAA,5.216,1611,82,DEM Eurobonds Secondary,1996-02-07,T00556
27,126,DEM,AAA,5.088,1772,82,DEM Eurobonds Secondary,1996-02-07,T00557
27,126,DEM,AAA,5.137,1812,82,DEM Eurobonds Secondary,1996-02-07,T00558
55,126,DEM,AAA,5.598,2099,12225,DEM Eurobonds Secondary,1996-02-07,T00559
52,126,DEM,AAA,5.454,2151,1223,DEM Eurobonds Secondary,1996-02-07,T00560
52,126,DEM,AAA,5.713,2424,21365,DEM Eurobonds Secondary,1996-02-07,T00561
46,126,DEM,AAA,10.492,2548,253,DEM Eurobonds Secondary,1996-02-07,T00562
55,126,DEM,AAA,5.91,2833,12225,DEM Eurobonds Secondary,1996-02-07,T00563
28,126,DEM,AAA,6.189,2889,135,DEM Eurobonds Secondary,1996-02-07,T00564
28,126,DEM,AAA,6.189,2889,250,DEM Eurobonds Secondary,1996-02-07,T00565
11,126,DEM,AAA,5.796,2924,253,DEM Eurobonds Secondary,1996-02-07,T00566
27,126,DEM,AAA,6.355,3667,489,DEM Eurobonds Secondary,1996-02-07,T00567
55,120,DEM,AAA,4.299,1113,318,DEM European Government,1996-02-07,T00568
27,146,XEU,AAA,4.979,317,598,ECU Eurobonds Secondary,1996-02-07,T00569
12,146,XEU,AAA,5.022,1022,105,ECU Eurobonds Secondary,1996-02-07,T00570
12,146,XEU,AAA,5.022,1022,2130,ECU Eurobonds Secondary,1996-02-07,T00571
16,146,XEU,AAA,5.694,1358,2467,ECU Eurobonds Secondary,1996-02-07,T00572
16,146,XEU,AAA,6.145,1829,2243,ECU Eurobonds Secondary,1996-02-07,T00573
12,165,ITL,AAA,9.769,681,38,ITL Eurobonds Primary,1996-02-07,T00574
11,166,ITL,AAA,9.44,573,167,ITL Eurobonds Secondary,1996-02-07,T00575
11,166,ITL,AAA,9.316,776,91,ITL Eurobonds Secondary,1996-02-07,T00576
11,166,ITL,AAA,10.178,3004,190,ITL Eurobonds Secondary,1996-02-07,T00577
11,166,ITL,AAA,10.181,3010,114,ITL Eurobonds Secondary,1996-02-07,T00578
11,166,ITL,AAA,10.163,3051,190,ITL Eurobonds Secondary,1996-02-07,T00579
29,115,USD,AAA,5.476,1848,327,USD Eurobonds Primary,1996-02-07,T00580
12,116,USD,AAA,5.143,373,629,USD Eurobonds Secondary,1996-02-07,T00581
1,116,USD,AAA,4.694,566,605,USD Eurobonds Secondary,1996-02-07,T00582
22,116,USD,AAA,9.478,674,182,USD Eurobonds Secondary,1996-02-07,T00583
12,116,USD,AAA,5.098,712,260,USD Eurobonds Secondary,1996-02-07,T00584
25,116,USD,AAA,4.894,726,121,USD Eurobonds Secondary,1996-02-07,T00585
12,116,USD,AAA,5.131,813,182,USD Eurobonds Secondary,1996-02-07,T00586
12,116,USD,AAA,5.357,839,206,USD Eurobonds Secondary,1996-02-07,T00587
53,116,USD,AAA,5.164,903,145,USD Eurobonds Secondary,1996-02-07,T00588
52,116,USD,AAA,5.29,1022,1210,USD Eurobonds Secondary,1996-02-07,T00589
12,116,USD,AAA,4.936,1038,363,USD Eurobonds Secondary,1996-02-07,T00590
24,116,USD,AAA,5.54,1335,121,USD Eurobonds Secondary,1996-02-07,T00591
36,116,USD,AAA,5.203,1528,448,USD Eurobonds Secondary,1996-02-07,T00592
24,116,USD,AAA,5.527,1650,121,USD Eurobonds Secondary,1996-02-07,T00593
52,116,USD,AAA,5.605,1708,363,USD Eurobonds Secondary,1996-02-07,T00594
12,116,USD,AAA,5.813,2497,169,USD Eurobonds Secondary,1996-02-07,T00595
21,506,ZAR,AAA,13.114,357,107,ZAR Secondary,1996-02-07,T00596
21,506,ZAR,AAA,13.012,1794,99,ZAR Secondary,1996-02-07,T00597
351,7,CHF,DDD,-0.104,140,400,Zinsoptions,1996-02-07,T00598
12,156,CAD,AAA,5.701,1065,88,CAD Eurobonds Secondary,1996-02-08,T00599
2025,156,CAD,AAA,6.473,2197,854,CAD Eurobonds Secondary,1996-02-08,T00600
98,2,CHF,III,2.416,215,10000,CHF Domestic  Bond Secondary,1996-02-08,T00601
135,2,CHF,EEE,2.842,215,10585,CHF Domestic  Bond Secondary,1996-02-08,T00602
62,2,CHF,GGG,3.334,914,400,CHF Domestic  Bond Secondary,1996-02-08,T00603
3,2,CHF,AAA,3.132,914,1000,CHF Domestic  Bond Secondary,1996-02-08,T00604
3,2,CHF,AAA,3.132,914,1000,CHF Domestic  Bond Secondary,1996-02-08,T00605
3,2,CHF,AAA,3.191,1244,3000,CHF Domestic  Bond Secondary,1996-02-08,T00606
369,2,CHF,GGG,3.663,1824,1000,CHF Domestic  Bond Secondary,1996-02-08,T00607
366,2,CHF,DDD,4.077,2848,90,CHF Domestic  Bond Secondary,1996-02-08,T00608
130,2,CHF,EEE,4.531,3537,7000,CHF Domestic  Bond Secondary,1996-02-08,T00609
135,2,CHF,EEE,4.537,3537,7380,CHF Domestic  Bond Secondary,1996-02-08,T00610
21,2,CHF,AAA,4.401,3595,400,CHF Domestic  Bond Secondary,1996-02-08,T00611
359,2,CHF,DDD,4.402,3595,1050,CHF Domestic  Bond Secondary,1996-02-08,T00612
286,2,CHF,GGG,4.402,3595,2000,CHF Domestic  Bond Secondary,1996-02-08,T00613
350,5,CHF,DDD,3.443,1493,660,CHF European Government,1996-02-08,T00614
366,5,CHF,DDD,4.507,1810,2000,CHF European Government,1996-02-08,T00615
339,5,CHF,DDD,4.681,2655,1000,CHF European Government,1996-02-08,T00616
83,5,CHF,DDD,4.308,3164,50,CHF European Government,1996-02-08,T00617
130,5,CHF,EEE,4.322,3164,25000,CHF European Government,1996-02-08,T00618
125,5,CHF,EEE,4.47,3712,10000,CHF European Government,1996-02-08,T00619
23,3,CHF,AAA,3.28,1134,500,CHF Foreign  Bond Primary,1996-02-08,T00620
81,4,CHF,CCC,1.828,186,500,CHF Foreign  Bond Secondary,1996-02-08,T00621
343,4,CHF,DDD,2.727,638,1000,CHF Foreign  Bond Secondary,1996-02-08,T00622
68,4,CHF,GGG,2.906,763,500,CHF Foreign  Bond Secondary,1996-02-08,T00623
8,4,CHF,AAA,2.959,928,150,CHF Foreign  Bond Secondary,1996-02-08,T00624
14,4,CHF,AAA,6.169,964,115,CHF Foreign  Bond Secondary,1996-02-08,T00625
96,4,CHF,BBB,2.597,1085,150,CHF Foreign  Bond Secondary,1996-02-08,T00626
53,4,CHF,AAA,2.614,1085,900,CHF Foreign  Bond Secondary,1996-02-08,T00627
81,4,CHF,CCC,3.868,1131,20,CHF Foreign  Bond Secondary,1996-02-08,T00628
81,4,CHF,CCC,3,1190,50,CHF Foreign  Bond Secondary,1996-02-08,T00629
81,4,CHF,CCC,3.024,1285,150,CHF Foreign  Bond Secondary,1996-02-08,T00630
37,4,CHF,AAA,3.024,1285,750,CHF Foreign  Bond Secondary,1996-02-08,T00631
3,4,CHF,AAA,3.024,1285,820,CHF Foreign  Bond Secondary,1996-02-08,T00632
89,4,CHF,CCC,3.165,1300,500,CHF Foreign  Bond Secondary,1996-02-08,T00633
373,4,CHF,CCC,3.164,1300,1500,CHF Foreign  Bond Secondary,1996-02-08,T00634
53,4,CHF,AAA,2.977,1330,700,CHF Foreign  Bond Secondary,1996-02-08,T00635
8,4,CHF,AAA,3.219,1357,150,CHF Foreign  Bond Secondary,1996-02-08,T00636
63,4,CHF,CCC,3.62,1372,330,CHF Foreign  Bond Secondary,1996-02-08,T00637
81,4,CHF,CCC,3.404,1420,30,CHF Foreign  Bond Secondary,1996-02-08,T00638
81,4,CHF,CCC,3.337,1420,640,CHF Foreign  Bond Secondary,1996-02-08,T00639
361,4,CHF,CCC,3.979,1430,450,CHF Foreign  Bond Secondary,1996-02-08,T00640
81,4,CHF,CCC,3.163,1440,20,CHF Foreign  Bond Secondary,1996-02-08,T00641
81,4,CHF,CCC,3.744,1453,250,CHF Foreign  Bond Secondary,1996-02-08,T00642
130,4,CHF,EEE,18.13,1463,120,CHF Foreign  Bond Secondary,1996-02-08,T00643
89,4,CHF,CCC,3.68,1475,500,CHF Foreign  Bond Secondary,1996-02-08,T00644
81,4,CHF,CCC,3.427,1506,150,CHF Foreign  Bond Secondary,1996-02-08,T00645
81,4,CHF,CCC,3.453,1695,250,CHF Foreign  Bond Secondary,1996-02-08,T00646
1,4,CHF,AAA,3.223,1762,500,CHF Foreign  Bond Secondary,1996-02-08,T00647
3,4,CHF,AAA,3.72,1814,200,CHF Foreign  Bond Secondary,1996-02-08,T00648
81,4,CHF,CCC,3.839,2066,200,CHF Foreign  Bond Secondary,1996-02-08,T00649
97,4,CHF,DDD,4.019,2125,725,CHF Foreign  Bond Secondary,1996-02-08,T00650
9,4,CHF,AAA,3.982,2364,100,CHF Foreign  Bond Secondary,1996-02-08,T00651
81,4,CHF,CCC,4.124,2484,100,CHF Foreign  Bond Secondary,1996-02-08,T00652
10,4,CHF,AAA,4.441,2526,5000,CHF Foreign  Bond Secondary,1996-02-08,T00653
82,4,CHF,DDD,4.457,2526,5000,CHF Foreign  Bond Secondary,1996-02-08,T00654
10,4,CHF,AAA,4.309,2785,10000,CHF Foreign  Bond Secondary,1996-02-08,T00655
361,4,CHF,CCC,4.293,2850,200,CHF Foreign  Bond Secondary,1996-02-08,T00656
344,4,CHF,DDD,4.372,2850,2000,CHF Foreign  Bond Secondary,1996-02-08,T00657
361,4,CHF,CCC,4.199,2881,100,CHF Foreign  Bond Secondary,1996-02-08,T00658
81,22,CHF,CCC,0.183,1504,50,CHF FRN,1996-02-08,T00659
25,125,DEM,AAA,4.994,1841,82,DEM Eurobonds Primary,1996-02-08,T00660
36,126,DEM,AAA,4.985,589,489,DEM Eurobonds Secondary,1996-02-08,T00661
48,126,DEM,AAA,4.779,1411,611,DEM Eurobonds Secondary,1996-02-08,T00662
8,126,DEM,AAA,5.221,1723,204,DEM Eurobonds Secondary,1996-02-08,T00663
9,126,DEM,AAA,5.011,1805,245,DEM Eurobonds Secondary,1996-02-08,T00664
9,126,DEM,AAA,5.098,1848,978,DEM Eurobonds Secondary,1996-02-08,T00665
5,126,DEM,AAA,5.548,2098,408,DEM Eurobonds Secondary,1996-02-08,T00666
24,126,DEM,AAA,7.646,2573,122,DEM Eurobonds Secondary,1996-02-08,T00667
52,126,DEM,AAA,6.194,2791,416,DEM Eurobonds Secondary,1996-02-08,T00668
8,126,DEM,AAA,6.202,2805,163,DEM Eurobonds Secondary,1996-02-08,T00669
53,126,DEM,AAA,6.077,2806,82,DEM Eurobonds Secondary,1996-02-08,T00670
16,126,DEM,AAA,5.703,2806,245,DEM Eurobonds Secondary,1996-02-08,T00671
27,126,DEM,AAA,6.361,3672,489,DEM Eurobonds Secondary,1996-02-08,T00672
25,146,XEU,AAA,5.825,36,299,ECU Eurobonds Secondary,1996-02-08,T00673
53,146,XEU,AAA,-0.917,963,493,ECU Eurobonds Secondary,1996-02-08,T00674
53,146,XEU,AAA,-0.917,963,493,ECU Eurobonds Secondary,1996-02-08,T00675
12,146,XEU,AAA,5.003,1021,673,ECU Eurobonds Secondary,1996-02-08,T00676
16,140,XEU,AAA,5.186,1080,2841,ECU European Government,1996-02-08,T00677
24,302,USD,AAA,2.228,8452,303,Emerging Markets Brady Bonds,1996-02-08,T00678
51,301,USD,AAA,8.841,888,182,Emerging Markets Eurobonds Sec,1996-02-08,T00679
51,301,USD,AAA,8.467,1362,242,Emerging Markets Eurobonds Sec,1996-02-08,T00680
24,301,USD,AAA,10.161,10294,908,Emerging Markets Eurobonds Sec,1996-02-08,T00681
1,176,ESP,AAA,8.818,386,290,ESP Eurobonds Secondary,1996-02-08,T00682
12,136,FRF,AAA,4.992,643,201,FRF Eurobonds Secondary,1996-02-08,T00683
25,136,FRF,AAA,4.902,740,119,FRF Eurobonds Secondary,1996-02-08,T00684
3,136,FRF,AAA,4.961,823,237,FRF Eurobonds Secondary,1996-02-08,T00685
3,136,FRF,AAA,5.264,1257,237,FRF Eurobonds Secondary,1996-02-08,T00686
3,136,FRF,AAA,5.53,1555,237,FRF Eurobonds Secondary,1996-02-08,T00687
31,136,FRF,AAA,6.361,2622,545,FRF Eurobonds Secondary,1996-02-08,T00688
3,136,FRF,AAA,6.306,2652,237,FRF Eurobonds Secondary,1996-02-08,T00689
3,136,FRF,AAA,8.014,2720,237,FRF Eurobonds Secondary,1996-02-08,T00690
3,136,FRF,AAA,6.52,2741,237,FRF Eurobonds Secondary,1996-02-08,T00691
53,136,FRF,AAA,7.036,5937,95,FRF Eurobonds Secondary,1996-02-08,T00692
1,186,GBP,AAA,6.303,326,458,GBP Eurobonds Secondary,1996-02-08,T00693
9,186,GBP,AAA,5.726,361,915,GBP Eurobonds Secondary,1996-02-08,T00694
9,186,GBP,AAA,-0.416,1048,915,GBP Eurobonds Secondary,1996-02-08,T00695
12,165,ITL,AAA,9.189,680,190,ITL Eurobonds Primary,1996-02-08,T00696
62,166,ITL,GGG,8.554,1092,76,ITL Eurobonds Secondary,1996-02-08,T00697
62,166,ITL,GGG,8.66,1092,76,ITL Eurobonds Secondary,1996-02-08,T00698
12,166,ITL,AAA,9.295,1833,106,ITL Eurobonds Secondary,1996-02-08,T00699
30,206,NLG,AAA,5.122,1518,365,NLG  Eurobonds Secondary,1996-02-08,T00700
53,200,NLG,AAA,5.734,2564,73,NLG  European Government,1996-02-08,T00701
55,112,USD,AAA,5.579,2154,12100,USD Asset Backed,1996-02-08,T00702
48,115,USD,AAA,5.523,2205,1210,USD Eurobonds Primary,1996-02-08,T00703
16,116,USD,AAA,5.168,630,1815,USD Eurobonds Secondary,1996-02-08,T00704
12,116,USD,AAA,5.071,711,230,USD Eurobonds Secondary,1996-02-08,T00705
27,116,USD,AAA,4.898,711,968,USD Eurobonds Secondary,1996-02-08,T00706
27,116,USD,AAA,4.898,711,968,USD Eurobonds Secondary,1996-02-08,T00707
3,116,USD,AAA,7.993,746,61,USD Eurobonds Secondary,1996-02-08,T00708
23,116,USD,AAA,5.005,881,212,USD Eurobonds Secondary,1996-02-08,T00709
12,116,USD,AAA,5.012,943,127,USD Eurobonds Secondary,1996-02-08,T00710
12,116,USD,AAA,5.202,1027,121,USD Eurobonds Secondary,1996-02-08,T00711
29,116,USD,AAA,4.91,1037,121,USD Eurobonds Secondary,1996-02-08,T00712
30,116,USD,AAA,8.714,1082,145,USD Eurobonds Secondary,1996-02-08,T00713
3,116,USD,AAA,8.714,1082,424,USD Eurobonds Secondary,1996-02-08,T00714
12,116,USD,AAA,5.268,1089,545,USD Eurobonds Secondary,1996-02-08,T00715
11,116,USD,AAA,5.16,1089,1210,USD Eurobonds Secondary,1996-02-08,T00716
48,116,USD,AAA,5.46,1104,1210,USD Eurobonds Secondary,1996-02-08,T00717
12,116,USD,AAA,5.247,1201,182,USD Eurobonds Secondary,1996-02-08,T00718
36,116,USD,AAA,5.168,1327,242,USD Eurobonds Secondary,1996-02-08,T00719
4,116,USD,AAA,5.656,1358,242,USD Eurobonds Secondary,1996-02-08,T00720
9,116,USD,AAA,5.414,1412,593,USD Eurobonds Secondary,1996-02-08,T00721
52,116,USD,AAA,5.498,1638,242,USD Eurobonds Secondary,1996-02-08,T00722
52,116,USD,AAA,5.445,1707,726,USD Eurobonds Secondary,1996-02-08,T00723
25,116,USD,AAA,5.328,1758,303,USD Eurobonds Secondary,1996-02-08,T00724
36,116,USD,AAA,5.77,2496,121,USD Eurobonds Secondary,1996-02-08,T00725
55,116,USD,AAA,7.107,10093,36300,USD Eurobonds Secondary,1996-02-08,T00726
55,113,USD,AAA,7.396,8558,24200,USD Mortgage Backed,1996-02-08,T00727
351,7,CHF,DDD,-0.104,139,200,Zinsoptions,1996-02-08,T00728
351,7,CHF,DDD,-0.104,139,500,Zinsoptions,1996-02-08,T00729
30,276,AUD,AAA,8.808,46,91,AUD Eurobonds Secondary,1996-02-09,T00730
30,276,AUD,AAA,7.959,1253,164,AUD Eurobonds Secondary,1996-02-09,T00731
30,276,AUD,AAA,8.256,2677,147,AUD Eurobonds Secondary,1996-02-09,T00732
53,276,AUD,AAA,7.832,2677,908,AUD Eurobonds Secondary,1996-02-09,T00733
30,156,CAD,AAA,5.381,675,220,CAD Eurobonds Secondary,1996-02-09,T00734
30,156,CAD,AAA,5.929,763,194,CAD Eurobonds Secondary,1996-02-09,T00735
48,156,CAD,AAA,8.778,2588,660,CAD Eurobonds Secondary,1996-02-09,T00736
21,2,CHF,AAA,2.398,362,750,CHF Domestic  Bond Secondary,1996-02-09,T00737
363,2,CHF,DDD,3.652,1356,360,CHF Domestic  Bond Secondary,1996-02-09,T00738
49,2,CHF,AAA,5.377,1380,200,CHF Domestic  Bond Secondary,1996-02-09,T00739
73,2,CHF,GGG,3.722,1680,300,CHF Domestic  Bond Secondary,1996-02-09,T00740
9,2,CHF,AAA,3.851,2008,1000,CHF Domestic  Bond Secondary,1996-02-09,T00741
339,2,CHF,DDD,5,2410,550,CHF Domestic  Bond Secondary,1996-02-09,T00742
351,2,CHF,DDD,5.205,2486,100,CHF Domestic  Bond Secondary,1996-02-09,T00743
130,2,CHF,EEE,4.587,3511,10000,CHF Domestic  Bond Secondary,1996-02-09,T00744
1,2,CHF,AAA,4.402,3594,100,CHF Domestic  Bond Secondary,1996-02-09,T00745
361,2,CHF,CCC,4.555,3628,100,CHF Domestic  Bond Secondary,1996-02-09,T00746
36,2,CHF,AAA,4.467,3687,100,CHF Domestic  Bond Secondary,1996-02-09,T00747
331,5,CHF,DDD,2.718,733,1000,CHF European Government,1996-02-09,T00748
350,5,CHF,DDD,3.404,1492,2000,CHF European Government,1996-02-09,T00749
350,5,CHF,DDD,3.419,1492,3000,CHF European Government,1996-02-09,T00750
47,5,CHF,AAA,3.993,2341,300,CHF European Government,1996-02-09,T00751
344,5,CHF,DDD,3.99,2341,1000,CHF European Government,1996-02-09,T00752
339,5,CHF,DDD,4.681,2654,200,CHF European Government,1996-02-09,T00753
286,5,CHF,GGG,4.24,3163,500,CHF European Government,1996-02-09,T00754
76,5,CHF,DDD,4.295,3163,1000,CHF European Government,1996-02-09,T00755
359,5,CHF,DDD,4.356,3163,1000,CHF European Government,1996-02-09,T00756
130,5,CHF,EEE,4.329,3163,10000,CHF European Government,1996-02-09,T00757
130,5,CHF,EEE,4.342,3163,10000,CHF European Government,1996-02-09,T00758
339,5,CHF,DDD,4.451,3254,1000,CHF European Government,1996-02-09,T00759
359,5,CHF,DDD,4.494,3711,500,CHF European Government,1996-02-09,T00760
77,5,CHF,CCC,4.5,3711,1500,CHF European Government,1996-02-09,T00761
346,4,CHF,CCC,2.563,404,50,CHF Foreign  Bond Secondary,1996-02-09,T00762
73,4,CHF,GGG,2.828,637,1000,CHF Foreign  Bond Secondary,1996-02-09,T00763
73,4,CHF,GGG,2.555,679,800,CHF Foreign  Bond Secondary,1996-02-09,T00764
14,4,CHF,AAA,2.648,1084,300,CHF Foreign  Bond Secondary,1996-02-09,T00765
8,4,CHF,AAA,3.015,1161,100,CHF Foreign  Bond Secondary,1996-02-09,T00766
47,4,CHF,AAA,3.694,1263,200,CHF Foreign  Bond Secondary,1996-02-09,T00767
81,4,CHF,CCC,2.986,1284,200,CHF Foreign  Bond Secondary,1996-02-09,T00768
81,4,CHF,CCC,2.976,1329,200,CHF Foreign  Bond Secondary,1996-02-09,T00769
14,4,CHF,AAA,3.319,1410,1000,CHF Foreign  Bond Secondary,1996-02-09,T00770
81,4,CHF,CCC,2.892,1420,150,CHF Foreign  Bond Secondary,1996-02-09,T00771
81,4,CHF,CCC,3.264,1439,145,CHF Foreign  Bond Secondary,1996-02-09,T00772
47,4,CHF,AAA,3.297,1439,200,CHF Foreign  Bond Secondary,1996-02-09,T00773
81,4,CHF,CCC,3.264,1439,400,CHF Foreign  Bond Secondary,1996-02-09,T00774
73,4,CHF,GGG,3.643,1452,50,CHF Foreign  Bond Secondary,1996-02-09,T00775
354,4,CHF,DDD,2.972,1652,100,CHF Foreign  Bond Secondary,1996-02-09,T00776
76,4,CHF,DDD,4.386,1731,400,CHF Foreign  Bond Secondary,1996-02-09,T00777
47,4,CHF,AAA,3.251,1761,200,CHF Foreign  Bond Secondary,1996-02-09,T00778
4,4,CHF,AAA,3.223,1761,500,CHF Foreign  Bond Secondary,1996-02-09,T00779
10,4,CHF,AAA,4.136,1937,5000,CHF Foreign  Bond Secondary,1996-02-09,T00780
81,4,CHF,CCC,4.029,2124,200,CHF Foreign  Bond Secondary,1996-02-09,T00781
361,4,CHF,CCC,4.583,2629,200,CHF Foreign  Bond Secondary,1996-02-09,T00782
95,4,CHF,BBB,-1.243,2729,190,CHF Foreign  Bond Secondary,1996-02-09,T00783
361,4,CHF,CCC,4.437,2866,120,CHF Foreign  Bond Secondary,1996-02-09,T00784
10,4,CHF,AAA,4.598,2871,5000,CHF Foreign  Bond Secondary,1996-02-09,T00785
3,4,CHF,AAA,4.527,2937,250,CHF Foreign  Bond Secondary,1996-02-09,T00786
3,4,CHF,AAA,4.592,2958,250,CHF Foreign  Bond Secondary,1996-02-09,T00787
361,4,CHF,CCC,4.889,2960,100,CHF Foreign  Bond Secondary,1996-02-09,T00788
361,4,CHF,CCC,4.434,3597,100,CHF Foreign  Bond Secondary,1996-02-09,T00789
361,4,CHF,CCC,5.25,3689,100,CHF Foreign  Bond Secondary,1996-02-09,T00790
21,126,DEM,AAA,4.315,579,408,DEM Eurobonds Secondary,1996-02-09,T00791
53,126,DEM,AAA,5.453,1537,200,DEM Eurobonds Secondary,1996-02-09,T00792
25,126,DEM,AAA,4.283,1552,82,DEM Eurobonds Secondary,1996-02-09,T00793
36,126,DEM,AAA,4.253,1589,130,DEM Eurobonds Secondary,1996-02-09,T00794
27,126,DEM,AAA,5.216,1609,82,DEM Eurobonds Secondary,1996-02-09,T00795
11,126,DEM,AAA,5.125,1810,302,DEM Eurobonds Secondary,1996-02-09,T00796
52,126,DEM,AAA,5.793,2422,652,DEM Eurobonds Secondary,1996-02-09,T00797
46,126,DEM,AAA,10.453,2546,245,DEM Eurobonds Secondary,1996-02-09,T00798
36,120,DEM,AAA,4.087,831,122,DEM European Government,1996-02-09,T00799
55,120,DEM,AAA,4.79,1434,81500,DEM European Government,1996-02-09,T00800
55,120,DEM,AAA,6.184,3535,81500,DEM European Government,1996-02-09,T00801
24,146,XEU,AAA,5.399,481,179,ECU Eurobonds Secondary,1996-02-09,T00802
12,146,XEU,AAA,5.002,1020,148,ECU Eurobonds Secondary,1996-02-09,T00803
25,146,XEU,AAA,5.002,1020,254,ECU Eurobonds Secondary,1996-02-09,T00804
12,146,XEU,AAA,5.002,1020,389,ECU Eurobonds Secondary,1996-02-09,T00805
29,146,XEU,AAA,5.002,1020,546,ECU Eurobonds Secondary,1996-02-09,T00806
53,146,XEU,AAA,5.346,1182,449,ECU Eurobonds Secondary,1996-02-09,T00807
12,146,XEU,AAA,5.535,1419,374,ECU Eurobonds Secondary,1996-02-09,T00808
30,146,XEU,AAA,6.064,1476,135,ECU Eurobonds Secondary,1996-02-09,T00809
30,140,XEU,AAA,4.519,347,150,ECU European Government,1996-02-09,T00810
12,140,XEU,AAA,5.23,1131,314,ECU European Government,1996-02-09,T00811
23,301,USD,AAA,8.626,382,121,Emerging Markets Eurobonds Sec,1996-02-09,T00812
48,301,USD,AAA,7.14,489,303,Emerging Markets Eurobonds Sec,1996-02-09,T00813
23,301,USD,AAA,8.155,766,303,Emerging Markets Eurobonds Sec,1996-02-09,T00814
23,301,USD,AAA,8.696,1713,363,Emerging Markets Eurobonds Sec,1996-02-09,T00815
24,301,USD,AAA,4.314,4330,1815,Emerging Markets Eurobonds Sec,1996-02-09,T00816
21,136,FRF,AAA,4.93,424,474,FRF Eurobonds Secondary,1996-02-09,T00817
130,6,CHF,EEE,21.47,142,10000,Futures Conf,1996-02-09,T00818
130,6,CHF,EEE,21.539,142,10000,Futures Conf,1996-02-09,T00819
130,6,CHF,EEE,21.608,142,10000,Futures Conf,1996-02-09,T00820
12,186,GBP,AAA,7.006,1412,220,GBP Eurobonds Secondary,1996-02-09,T00821
12,165,ITL,AAA,9.158,679,46,ITL Eurobonds Primary,1996-02-09,T00822
16,166,ITL,AAA,8.493,993,380,ITL Eurobonds Secondary,1996-02-09,T00823
37,115,USD,AAA,7.859,745,242,USD Eurobonds Primary,1996-02-09,T00824
48,115,USD,AAA,7.859,745,484,USD Eurobonds Primary,1996-02-09,T00825
30,115,USD,AAA,5.488,1840,85,USD Eurobonds Primary,1996-02-09,T00826
53,115,USD,AAA,5.481,1840,1210,USD Eurobonds Primary,1996-02-09,T00827
53,115,USD,AAA,5.458,1840,1815,USD Eurobonds Primary,1996-02-09,T00828
53,115,USD,AAA,5.465,1840,2529,USD Eurobonds Primary,1996-02-09,T00829
27,116,USD,AAA,5.907,118,121,USD Eurobonds Secondary,1996-02-09,T00830
48,116,USD,AAA,7.489,479,303,USD Eurobonds Secondary,1996-02-09,T00831
24,116,USD,AAA,9.155,528,182,USD Eurobonds Secondary,1996-02-09,T00832
48,116,USD,AAA,6.796,630,303,USD Eurobonds Secondary,1996-02-09,T00833
30,116,USD,AAA,5.498,720,121,USD Eurobonds Secondary,1996-02-09,T00834
12,116,USD,AAA,4.894,724,182,USD Eurobonds Secondary,1996-02-09,T00835
53,116,USD,AAA,5.585,777,520,USD Eurobonds Secondary,1996-02-09,T00836
12,116,USD,AAA,5.128,780,218,USD Eurobonds Secondary,1996-02-09,T00837
52,116,USD,AAA,5.142,901,242,USD Eurobonds Secondary,1996-02-09,T00838
27,116,USD,AAA,5.482,942,145,USD Eurobonds Secondary,1996-02-09,T00839
323,116,USD,BBB,4.992,1061,339,USD Eurobonds Secondary,1996-02-09,T00840
12,116,USD,AAA,5.07,1088,121,USD Eurobonds Secondary,1996-02-09,T00841
53,116,USD,AAA,5.541,1333,121,USD Eurobonds Secondary,1996-02-09,T00842
53,116,USD,AAA,5.516,1333,290,USD Eurobonds Secondary,1996-02-09,T00843
11,116,USD,AAA,5.397,1411,266,USD Eurobonds Secondary,1996-02-09,T00844
53,116,USD,AAA,5.462,1706,121,USD Eurobonds Secondary,1996-02-09,T00845
53,116,USD,AAA,5.505,1803,411,USD Eurobonds Secondary,1996-02-09,T00846
30,116,USD,AAA,5.219,1923,545,USD Eurobonds Secondary,1996-02-09,T00847
53,116,USD,AAA,5.961,2727,169,USD Eurobonds Secondary,1996-02-09,T00848
53,118,USD,AAA,0.052,871,230,USD FRN,1996-02-09,T00849
109,7,ITL,FFF,20.27,231,1900,Zinsoptions,1996-02-09,T00850
2199,155,CAD,AAA,6.671,1853,166,CAD Eurobonds Primary,1996-02-10,T00851
30,126,DEM,AAA,2.539,234,141,DEM Eurobonds Secondary,1996-02-10,T00852
51,301,USD,AAA,8,282,605,Emerging Markets Eurobonds Sec,1996-02-10,T00853
52,116,USD,AAA,5.551,1665,363,USD Eurobonds Secondary,1996-02-10,T00854
53,116,USD,AAA,5.37,1922,532,USD Eurobonds Secondary,1996-02-10,T00855
46,118,USD,AAA,-0.008,2383,1210,USD FRN,1996-02-10,T00856
12,156,CAD,AAA,5.26,672,120,CAD Eurobonds Secondary,1996-02-12,T00857
48,2,CHF,AAA,2.875,402,252,CHF Domestic  Bond Secondary,1996-02-12,T00858
49,2,CHF,AAA,2.987,1002,250,CHF Domestic  Bond Secondary,1996-02-12,T00859
63,2,CHF,CCC,5.052,1012,500,CHF Domestic  Bond Secondary,1996-02-12,T00860
36,2,CHF,AAA,3.307,1063,200,CHF Domestic  Bond Secondary,1996-02-12,T00861
96,2,CHF,BBB,3.33,1612,850,CHF Domestic  Bond Secondary,1996-02-12,T00862
73,2,CHF,GGG,3.569,1754,300,CHF Domestic  Bond Secondary,1996-02-12,T00863
36,2,CHF,AAA,3.414,1824,200,CHF Domestic  Bond Secondary,1996-02-12,T00864
96,2,CHF,BBB,3.773,1830,300,CHF Domestic  Bond Secondary,1996-02-12,T00865
33,2,CHF,AAA,4.548,2340,200,CHF Domestic  Bond Secondary,1996-02-12,T00866
33,2,CHF,AAA,4.46,2438,200,CHF Domestic  Bond Secondary,1996-02-12,T00867
33,2,CHF,AAA,4.39,2695,250,CHF Domestic  Bond Secondary,1996-02-12,T00868
130,2,CHF,EEE,4.726,3868,2000,CHF Domestic  Bond Secondary,1996-02-12,T00869
96,5,CHF,BBB,1.588,272,100,CHF European Government,1996-02-12,T00870
3,5,CHF,AAA,2.604,730,1000,CHF European Government,1996-02-12,T00871
33,5,CHF,AAA,3.431,1580,250,CHF European Government,1996-02-12,T00872
10,5,CHF,AAA,4.086,2521,30000,CHF European Government,1996-02-12,T00873
339,5,CHF,DDD,4.405,3251,1000,CHF European Government,1996-02-12,T00874
344,5,CHF,DDD,4.446,3708,200,CHF European Government,1996-02-12,T00875
77,5,CHF,CCC,4.446,3708,500,CHF European Government,1996-02-12,T00876
346,5,CHF,CCC,4.452,3708,1000,CHF European Government,1996-02-12,T00877
8,3,CHF,AAA,4.573,3676,500,CHF Foreign  Bond Primary,1996-02-12,T00878
81,4,CHF,CCC,2.707,182,10,CHF Foreign  Bond Secondary,1996-02-12,T00879
73,4,CHF,GGG,2.457,205,200,CHF Foreign  Bond Secondary,1996-02-12,T00880
21,4,CHF,AAA,2.721,695,1000,CHF Foreign  Bond Secondary,1996-02-12,T00881
81,4,CHF,CCC,3.427,861,100,CHF Foreign  Bond Secondary,1996-02-12,T00882
73,4,CHF,GGG,3.408,1149,630,CHF Foreign  Bond Secondary,1996-02-12,T00883
18,4,CHF,AAA,3.325,1186,250,CHF Foreign  Bond Secondary,1996-02-12,T00884
24,4,CHF,AAA,2.995,1281,110,CHF Foreign  Bond Secondary,1996-02-12,T00885
53,4,CHF,AAA,2.996,1281,250,CHF Foreign  Bond Secondary,1996-02-12,T00886
14,4,CHF,AAA,3.319,1407,280,CHF Foreign  Bond Secondary,1996-02-12,T00887
90,4,CHF,CCC,-2.115,1447,3000,CHF Foreign  Bond Secondary,1996-02-12,T00888
16,4,CHF,AAA,3.94,1757,2000,CHF Foreign  Bond Secondary,1996-02-12,T00889
73,4,CHF,GGG,3.611,1781,450,CHF Foreign  Bond Secondary,1996-02-12,T00890
14,4,CHF,AAA,3.776,1810,130,CHF Foreign  Bond Secondary,1996-02-12,T00891
14,4,CHF,AAA,3.843,1835,100,CHF Foreign  Bond Secondary,1996-02-12,T00892
8,4,CHF,AAA,4.125,1856,500,CHF Foreign  Bond Secondary,1996-02-12,T00893
73,4,CHF,GGG,3.958,1908,300,CHF Foreign  Bond Secondary,1996-02-12,T00894
361,4,CHF,CCC,4.268,2032,300,CHF Foreign  Bond Secondary,1996-02-12,T00895
77,4,CHF,CCC,4.464,2159,50,CHF Foreign  Bond Secondary,1996-02-12,T00896
18,4,CHF,AAA,4.464,2159,100,CHF Foreign  Bond Secondary,1996-02-12,T00897
49,4,CHF,AAA,4.239,2179,2000,CHF Foreign  Bond Secondary,1996-02-12,T00898
18,4,CHF,AAA,4.472,2423,250,CHF Foreign  Bond Secondary,1996-02-12,T00899
338,4,CHF,DDD,4.453,2467,850,CHF Foreign  Bond Secondary,1996-02-12,T00900
338,4,CHF,DDD,4.453,2467,1000,CHF Foreign  Bond Secondary,1996-02-12,T00901
14,4,CHF,AAA,4.647,3650,30,CHF Foreign  Bond Secondary,1996-02-12,T00902
2,4,CHF,AAA,4.647,3650,150,CHF Foreign  Bond Secondary,1996-02-12,T00903
346,4,CHF,CCC,4.647,3650,1000,CHF Foreign  Bond Secondary,1996-02-12,T00904
81,4,CHF,CCC,5.328,3686,10,CHF Foreign  Bond Secondary,1996-02-12,T00905
53,126,DEM,AAA,4.751,1244,897,DEM Eurobonds Secondary,1996-02-12,T00906
25,126,DEM,AAA,4.861,1407,90,DEM Eurobonds Secondary,1996-02-12,T00907
53,126,DEM,AAA,5.217,1807,815,DEM Eurobonds Secondary,1996-02-12,T00908
37,126,DEM,AAA,5.568,2094,490,DEM Eurobonds Secondary,1996-02-12,T00909
21,126,DEM,AAA,5.996,2452,225,DEM Eurobonds Secondary,1996-02-12,T00910
21,120,DEM,AAA,6.09,3076,1633,DEM European Government,1996-02-12,T00911
12,146,XEU,AAA,-0.938,959,135,ECU Eurobonds Secondary,1996-02-12,T00912
12,146,XEU,AAA,5,1017,124,ECU Eurobonds Secondary,1996-02-12,T00913
12,146,XEU,AAA,5.002,1017,124,ECU Eurobonds Secondary,1996-02-12,T00914
53,146,XEU,AAA,5,1017,449,ECU Eurobonds Secondary,1996-02-12,T00915
12,140,XEU,AAA,5.219,1076,411,ECU European Government,1996-02-12,T00916
51,301,USD,AAA,7.994,280,605,Emerging Markets Eurobonds Sec,1996-02-12,T00917
12,165,ITL,AAA,9.161,742,380,ITL Eurobonds Primary,1996-02-12,T00918
12,165,ITL,AAA,9.344,1116,114,ITL Eurobonds Primary,1996-02-12,T00919
12,165,ITL,AAA,9.437,1116,631,ITL Eurobonds Primary,1996-02-12,T00920
12,166,ITL,AAA,9.134,742,114,ITL Eurobonds Secondary,1996-02-12,T00921
16,166,ITL,AAA,9.006,1055,380,ITL Eurobonds Secondary,1996-02-12,T00922
12,116,USD,AAA,5.204,597,194,USD Eurobonds Secondary,1996-02-12,T00923
24,116,USD,AAA,4.96,626,180,USD Eurobonds Secondary,1996-02-12,T00924
16,116,USD,AAA,5.034,1022,1815,USD Eurobonds Secondary,1996-02-12,T00925
16,116,USD,AAA,4.959,1023,182,USD Eurobonds Secondary,1996-02-12,T00926
24,116,USD,AAA,5.136,1031,239,USD Eurobonds Secondary,1996-02-12,T00927
24,116,USD,AAA,5.303,1093,1029,USD Eurobonds Secondary,1996-02-12,T00928
52,116,USD,AAA,5.643,1330,484,USD Eurobonds Secondary,1996-02-12,T00929
52,116,USD,AAA,5.549,1663,363,USD Eurobonds Secondary,1996-02-12,T00930
48,116,USD,AAA,5.49,2201,299,USD Eurobonds Secondary,1996-02-12,T00931
16,118,USD,AAA,0.209,2639,2263,USD FRN,1996-02-12,T00932
52,118,USD,AAA,0.646,2675,363,USD FRN,1996-02-12,T00933
24,155,CAD,AAA,6.226,1766,251,CAD Eurobonds Primary,1996-02-13,T00934
12,156,CAD,AAA,5.799,671,238,CAD Eurobonds Secondary,1996-02-13,T00935
12,156,CAD,AAA,5.202,671,326,CAD Eurobonds Secondary,1996-02-13,T00936
12,156,CAD,AAA,5.259,671,374,CAD Eurobonds Secondary,1996-02-13,T00937
12,156,CAD,AAA,5.287,671,638,CAD Eurobonds Secondary,1996-02-13,T00938
12,156,CAD,AAA,6.056,771,264,CAD Eurobonds Secondary,1996-02-13,T00939
12,156,CAD,AAA,5.617,1060,273,CAD Eurobonds Secondary,1996-02-13,T00940
12,156,CAD,AAA,5.932,1067,906,CAD Eurobonds Secondary,1996-02-13,T00941
24,156,CAD,AAA,6.004,1140,139,CAD Eurobonds Secondary,1996-02-13,T00942
24,156,CAD,AAA,6.467,2148,173,CAD Eurobonds Secondary,1996-02-13,T00943
350,2,CHF,DDD,3.102,51,2150,CHF Domestic  Bond Secondary,1996-02-13,T00944
98,2,CHF,III,2.458,327,1000,CHF Domestic  Bond Secondary,1996-02-13,T00945
33,2,CHF,AAA,5.976,860,500,CHF Domestic  Bond Secondary,1996-02-13,T00946
134,2,CHF,EEE,4.061,1320,5000,CHF Domestic  Bond Secondary,1996-02-13,T00947
96,2,CHF,BBB,3.718,1829,250,CHF Domestic  Bond Secondary,1996-02-13,T00948
3,2,CHF,AAA,4.688,3354,100,CHF Domestic  Bond Secondary,1996-02-13,T00949
3,2,CHF,AAA,4.559,3481,150,CHF Domestic  Bond Secondary,1996-02-13,T00950
49,2,CHF,AAA,4.527,3481,5000,CHF Domestic  Bond Secondary,1996-02-13,T00951
68,2,CHF,GGG,4.527,3481,5000,CHF Domestic  Bond Secondary,1996-02-13,T00952
366,2,CHF,DDD,4.527,3481,5000,CHF Domestic  Bond Secondary,1996-02-13,T00953
135,2,CHF,EEE,4.546,3481,15000,CHF Domestic  Bond Secondary,1996-02-13,T00954
3,2,CHF,AAA,4.458,3656,300,CHF Domestic  Bond Secondary,1996-02-13,T00955
14,2,CHF,AAA,4.486,3683,1000,CHF Domestic  Bond Secondary,1996-02-13,T00956
98,5,CHF,III,2.314,338,2000,CHF European Government,1996-02-13,T00957
124,5,CHF,EEE,2.487,338,2000,CHF European Government,1996-02-13,T00958
350,5,CHF,DDD,2.504,729,2000,CHF European Government,1996-02-13,T00959
33,5,CHF,AAA,3.38,1488,750,CHF European Government,1996-02-13,T00960
350,5,CHF,DDD,3.387,1488,1290,CHF European Government,1996-02-13,T00961
33,5,CHF,AAA,4.239,3159,1000,CHF European Government,1996-02-13,T00962
359,5,CHF,DDD,4.254,3159,2000,CHF European Government,1996-02-13,T00963
18,5,CHF,AAA,4.374,3707,500,CHF European Government,1996-02-13,T00964
338,5,CHF,DDD,4.389,3707,500,CHF European Government,1996-02-13,T00965
14,5,CHF,AAA,4.374,3707,1500,CHF European Government,1996-02-13,T00966
359,5,CHF,DDD,4.392,3707,2000,CHF European Government,1996-02-13,T00967
344,5,CHF,DDD,4.394,3707,2000,CHF European Government,1996-02-13,T00968
124,5,CHF,EEE,4.374,3707,3000,CHF European Government,1996-02-13,T00969
21,5,CHF,AAA,4.496,4347,200,CHF European Government,1996-02-13,T00970
18,5,CHF,AAA,4.493,4347,2000,CHF European Government,1996-02-13,T00971
3,5,CHF,AAA,4.489,4347,3000,CHF European Government,1996-02-13,T00972
18,4,CHF,AAA,5.502,778,1500,CHF Foreign  Bond Secondary,1996-02-13,T00973
18,4,CHF,AAA,2.709,778,2000,CHF Foreign  Bond Secondary,1996-02-13,T00974
18,4,CHF,AAA,4.094,1069,1000,CHF Foreign  Bond Secondary,1996-02-13,T00975
53,4,CHF,AAA,3.245,1129,3850,CHF Foreign  Bond Secondary,1996-02-13,T00976
8,4,CHF,AAA,3.011,1157,200,CHF Foreign  Bond Secondary,1996-02-13,T00977
81,4,CHF,CCC,2.95,1280,60,CHF Foreign  Bond Secondary,1996-02-13,T00978
53,4,CHF,AAA,3.25,1406,2650,CHF Foreign  Bond Secondary,1996-02-13,T00979
18,4,CHF,AAA,3.937,1431,3000,CHF Foreign  Bond Secondary,1996-02-13,T00980
2132,4,CHF,FFF,3.857,1431,3500,CHF Foreign  Bond Secondary,1996-02-13,T00981
18,4,CHF,AAA,3.915,1449,100,CHF Foreign  Bond Secondary,1996-02-13,T00982
90,4,CHF,CCC,3.721,1449,3000,CHF Foreign  Bond Secondary,1996-02-13,T00983
18,4,CHF,AAA,3.882,1449,3000,CHF Foreign  Bond Secondary,1996-02-13,T00984
8,4,CHF,AAA,3.179,1757,150,CHF Foreign  Bond Secondary,1996-02-13,T00985
3,4,CHF,AAA,3.196,1757,275,CHF Foreign  Bond Secondary,1996-02-13,T00986
37,4,CHF,AAA,3.196,1757,400,CHF Foreign  Bond Secondary,1996-02-13,T00987
108,4,CHF,HHH,3.941,1816,3000,CHF Foreign  Bond Secondary,1996-02-13,T00988
37,4,CHF,AAA,3.982,1817,500,CHF Foreign  Bond Secondary,1996-02-13,T00989
18,4,CHF,AAA,4.088,1817,3000,CHF Foreign  Bond Secondary,1996-02-13,T00990
18,4,CHF,AAA,3.816,1834,250,CHF Foreign  Bond Secondary,1996-02-13,T00991
76,4,CHF,DDD,3.8,1836,1700,CHF Foreign  Bond Secondary,1996-02-13,T00992
21,4,CHF,AAA,4.071,1855,1000,CHF Foreign  Bond Secondary,1996-02-13,T00993
3,4,CHF,AAA,5.023,1952,250,CHF Foreign  Bond Secondary,1996-02-13,T00994
81,4,CHF,CCC,6.101,2119,45,CHF Foreign  Bond Secondary,1996-02-13,T00995
36,4,CHF,AAA,4.199,2418,100,CHF Foreign  Bond Secondary,1996-02-13,T00996
10,4,CHF,AAA,4.443,2470,5000,CHF Foreign  Bond Secondary,1996-02-13,T00997
18,4,CHF,AAA,4.331,2845,250,CHF Foreign  Bond Secondary,1996-02-13,T00998
18,4,CHF,AAA,4.551,2862,2000,CHF Foreign  Bond Secondary,1996-02-13,T00999
21,4,CHF,AAA,4.437,2954,500,CHF Foreign  Bond Secondary,1996-02-13,T01000
